EmployeeID,JobInvolvement,PerformanceRating,ManagerRating,LeadershipScore,CommunicationScore
1,3,3,3,1.5,3.86
2,2,4,2,2.65,1.08
3,3,3,4,4.41,4.31
4,2,3,1,1.98,2.97
5,3,3,4,2.07,4.75
6,3,3,4,4.23,2.51
7,3,4,2,2.09,2.05
8,3,4,1,1.01,4.98
9,3,4,4,2.71,3.12
10,3,3,2,1.05,4.45
11,2,3,5,4.64,4.64
12,3,3,4,3.57,3.07
13,3,3,5,3.33,2.82
14,2,3,3,1.81,3.21
15,3,3,5,3.8,4.39
16,3,3,1,3.71,4.86
17,2,3,2,1.24,2.31
18,3,3,1,4.52,3.95
19,2,3,4,3.32,2.14
20,3,3,3,4.17,3.44
21,3,3,2,2.05,4.22
22,2,4,2,1.49,4.55
23,3,3,4,3.81,2.79
24,1,3,1,4.18,2.48
25,3,3,3,2.54,2.01
26,3,3,4,1.09,1.53
27,3,4,2,4.27,2.46
28,3,3,2,1.82,4.49
29,2,3,2,2.36,2.68
30,2,3,3,3.51,2.27
31,2,3,2,1.4,3.96
32,2,3,2,1.29,1.86
33,3,3,3,1.1,2.03
34,3,3,1,4.67,4.74
35,3,3,3,2.25,1.33
36,3,3,1,3.64,2.66
37,3,3,1,4.96,3.31
38,3,3,2,3.68,1.92
39,2,3,2,3.1,2.12
40,2,3,1,3.08,1.89
41,2,3,5,2.51,2.38
42,2,3,2,3.4,4.59
43,3,3,5,4.84,2.73
44,3,3,5,4.15,2.67
45,2,4,5,2.7,2.55
46,3,3,5,2.33,4.86
47,3,4,1,4.53,1.47
48,3,4,2,1.54,4.49
49,3,4,4,4.4,2.31
50,2,3,3,2.02,4.83
51,2,3,1,3.86,2.26
52,2,3,3,4.22,1.33
53,3,4,5,2.91,3.08
54,3,3,5,1.77,1.91
55,3,3,2,4.38,4.01
56,3,3,2,2.47,3.63
57,3,4,2,2.28,3.75
58,3,3,2,3.04,1.77
59,3,4,2,2.74,3.83
60,3,3,2,3.73,2.25
61,3,4,3,1.55,4.99
62,4,3,1,2.74,3.93
63,4,3,2,4.57,3.36
64,4,3,2,1.14,4.47
65,3,3,1,2.83,3.36
66,2,3,5,3.64,3.21
67,3,3,4,4.55,1.95
68,2,3,5,3.38,3.71
69,3,3,3,4.3,2.5
70,3,3,1,1.89,1.17
71,3,3,5,2.41,4.26
72,4,4,3,4.77,1.21
73,3,3,4,4.54,3.69
74,3,3,2,3.23,1.63
75,3,3,3,2.9,2.73
76,3,4,3,2.8,4.44
77,3,3,2,1.24,1.38
78,3,3,3,4.57,3.67
79,3,3,4,4.27,3.45
80,3,4,1,2.83,4.47
81,2,3,1,2.12,1.69
82,2,3,5,2.37,4.2
83,3,3,3,1.49,2.8
84,3,3,5,3.89,2.71
85,3,3,4,3.23,2.45
86,3,3,4,1.94,2.54
87,4,3,5,3.49,3.08
88,2,4,4,4.92,1.43
89,3,3,2,1.49,2.7
90,4,3,3,2.83,3.61
91,1,4,2,2.98,2.99
92,2,4,2,1.67,1.66
93,2,3,4,3.13,2.45
94,3,3,1,3.42,2.77
95,2,3,4,1.63,3.68
96,3,3,3,1.62,4.6
97,3,4,2,4.43,3.2
98,3,3,1,2.25,3.71
99,3,3,4,3.52,1.31
100,2,3,5,3.51,4.82
101,1,4,4,4.36,2.26
102,3,3,3,3.96,2.42
103,1,3,4,4.36,1.89
104,3,3,3,3.5,1.34
105,1,3,2,2.8,4.16
106,1,4,2,2.57,1.96
107,4,3,2,2.52,2.13
108,3,3,5,2.67,1.73
109,4,3,4,1.52,4.9
110,3,3,1,2.7,4.12
111,2,4,5,2.56,4.72
112,3,4,1,1.14,4.45
113,3,3,3,2.1,4.63
114,4,3,1,4.01,2.92
115,3,3,2,3.31,1.68
116,3,3,4,4.22,2.31
117,2,3,5,3.17,2.17
118,3,3,5,4.42,3.87
119,3,4,5,4.18,1.1
120,3,3,2,1.39,1.57
121,3,4,1,4.91,3.73
122,3,3,5,1.06,1.49
123,3,3,5,3.39,1.19
124,3,3,2,4.17,1.44
125,3,3,1,2.33,3.76
126,2,3,4,3.39,1.56
127,3,3,1,2.45,1.59
128,2,3,1,1.24,1.92
129,3,3,5,1.03,4.0
130,2,3,3,1.38,1.8
131,2,3,1,1.39,1.14
132,2,3,4,3.44,4.62
133,3,3,2,3.1,4.51
134,2,3,3,2.82,1.74
135,2,4,5,3.77,2.06
136,3,4,2,1.07,1.75
137,2,3,4,2.08,3.88
138,2,3,5,4.11,2.0
139,3,3,3,4.64,4.73
140,4,3,5,2.75,4.31
141,2,4,3,1.33,3.35
142,3,3,3,4.19,1.04
143,1,4,5,4.54,4.53
144,3,3,4,2.65,3.91
145,3,3,5,1.97,4.15
146,2,3,4,1.18,1.29
147,2,3,4,3.36,3.83
148,3,3,2,4.64,4.22
149,2,4,2,3.71,4.83
150,3,3,5,2.27,3.32
151,3,3,4,3.57,3.03
152,2,3,2,4.33,2.7
153,3,4,2,2.9,3.81
154,3,3,4,4.28,4.68
155,2,3,1,2.57,3.4
156,3,3,1,2.39,1.91
157,2,3,4,3.33,1.07
158,3,4,2,2.86,3.48
159,3,3,4,4.91,4.46
160,2,3,3,3.07,1.26
161,4,4,5,2.54,2.59
162,2,3,3,2.58,4.76
163,3,3,5,3.19,3.01
164,2,3,5,2.42,1.88
165,3,3,2,3.89,2.41
166,3,3,5,2.52,2.63
167,3,3,4,2.54,1.47
168,3,3,1,3.47,3.64
169,3,4,1,1.24,3.37
170,3,4,2,3.62,3.59
171,2,3,1,3.02,3.44
172,2,4,2,2.81,1.07
173,3,3,5,3.88,1.7
174,3,3,3,4.03,1.66
175,4,3,1,4.39,1.39
176,2,3,3,2.5,3.94
177,3,3,2,2.31,1.48
178,2,4,5,3.86,3.67
179,3,4,1,3.33,1.71
180,3,3,4,3.53,1.47
181,1,4,3,3.22,1.65
182,2,3,1,4.09,3.03
183,4,4,4,1.76,3.58
184,2,3,3,3.22,4.25
185,3,3,4,1.63,1.51
186,3,3,4,2.63,3.46
187,3,3,4,3.66,4.1
188,3,3,3,2.97,2.25
189,2,3,1,2.52,1.32
190,2,3,1,4.54,1.62
191,3,3,3,4.09,1.37
192,3,3,2,3.11,4.55
193,2,3,4,4.8,2.51
194,3,3,3,2.7,3.09
195,3,4,5,4.15,4.07
196,3,3,1,1.67,2.49
197,2,3,2,2.14,3.6
198,3,3,4,2.35,1.31
199,3,3,1,1.42,2.92
200,4,3,2,3.01,1.39
201,2,3,4,1.77,1.99
202,2,3,3,3.54,2.17
203,2,3,4,1.76,3.87
204,2,3,3,1.49,3.7
205,2,3,5,4.88,3.99
206,1,4,5,3.63,1.25
207,3,3,5,4.75,4.98
208,3,3,1,2.96,1.22
209,3,3,3,1.13,4.3
210,3,3,1,3.3,3.96
211,3,3,2,3.23,3.37
212,2,4,2,1.06,2.76
213,2,3,4,4.44,4.03
214,3,3,3,3.48,3.96
215,3,3,5,3.98,1.55
216,1,3,2,2.98,4.17
217,2,3,4,3.47,1.31
218,3,3,4,2.03,3.0
219,1,3,5,4.9,3.58
220,3,3,2,2.6,4.29
221,2,3,4,1.65,2.85
222,3,4,1,1.22,1.95
223,3,3,3,3.54,2.96
224,3,3,3,4.93,2.0
225,2,3,5,4.58,3.11
226,3,3,4,3.81,2.85
227,3,3,5,4.96,4.12
228,3,3,5,3.89,1.96
229,3,3,3,2.36,1.8
230,1,3,4,3.4,2.9
231,3,3,1,1.32,1.2
232,3,3,3,1.89,1.92
233,4,3,1,2.67,2.41
234,3,3,4,1.81,2.95
235,4,3,5,4.81,2.08
236,4,4,4,4.98,3.24
237,2,4,5,2.48,4.51
238,3,3,2,3.84,3.17
239,1,3,5,2.63,2.15
240,3,3,3,1.56,1.25
241,2,3,4,2.35,1.55
242,3,3,4,1.93,3.24
243,3,3,4,2.31,3.73
244,3,3,2,1.86,1.2
245,2,3,4,1.45,1.74
246,3,3,4,1.87,2.28
247,3,3,5,4.62,2.28
248,4,3,3,1.34,4.83
249,2,3,3,2.3,1.82
250,3,3,3,3.11,1.25
251,3,3,1,2.42,2.41
252,3,4,1,3.07,1.54
253,2,3,1,1.17,1.51
254,2,3,4,3.59,2.63
255,1,3,3,3.25,2.23
256,2,3,5,3.72,1.37
257,3,3,4,3.27,3.42
258,4,3,1,2.75,3.01
259,3,3,1,2.4,1.31
260,3,3,2,1.91,4.45
261,2,4,5,3.0,2.14
262,2,3,1,1.1,4.85
263,4,3,1,2.31,4.73
264,3,3,1,3.71,2.74
265,4,3,3,1.43,1.91
266,4,3,5,1.25,4.34
267,3,4,4,3.61,2.45
268,1,3,3,2.59,1.65
269,3,3,1,4.21,3.21
270,1,3,2,4.75,2.96
271,2,3,3,4.83,4.4
272,2,3,2,2.7,3.92
273,2,4,4,2.06,4.5
274,3,3,5,3.43,3.94
275,3,3,2,3.51,3.57
276,3,3,2,3.49,3.0
277,3,3,1,2.29,4.95
278,3,4,4,1.26,4.84
279,4,4,3,1.84,4.4
280,2,3,2,1.62,4.1
281,3,3,2,1.5,3.31
282,4,4,1,4.71,2.04
283,2,3,3,1.06,4.5
284,3,3,4,3.41,1.04
285,3,3,2,4.79,1.91
286,2,3,1,2.44,2.61
287,2,4,3,3.11,3.34
288,3,3,4,3.78,3.24
289,3,3,2,2.27,1.7
290,3,4,2,2.91,1.42
291,3,3,1,4.27,1.89
292,4,3,4,3.98,2.39
293,3,3,5,4.23,1.06
294,2,3,4,4.95,3.77
295,3,3,3,2.48,1.99
296,3,3,4,3.99,2.41
297,3,3,2,3.41,2.34
298,2,3,1,3.67,3.05
299,3,3,2,3.96,4.44
300,3,3,4,4.0,1.6
301,1,3,4,4.54,2.36
302,3,3,5,2.4,3.77
303,2,3,5,3.61,1.18
304,3,3,2,2.12,4.32
305,3,3,1,3.38,4.85
306,3,3,2,4.0,3.43
307,3,3,5,4.16,4.83
308,1,3,5,2.68,2.65
309,3,3,1,3.03,2.66
310,3,3,1,2.34,1.42
311,3,3,3,1.68,1.14
312,1,3,4,2.04,1.98
313,3,3,5,4.65,2.91
314,3,3,4,2.24,3.03
315,3,3,2,4.9,1.87
316,3,3,1,1.97,3.45
317,3,3,4,3.89,1.72
318,3,3,3,3.3,2.3
319,3,3,5,3.79,1.78
320,3,3,3,3.58,3.79
321,3,3,3,3.83,3.07
322,3,3,2,4.62,3.94
323,2,3,1,3.25,1.23
324,3,3,5,1.27,2.7
325,4,3,5,2.08,4.87
326,3,4,1,3.83,1.21
327,4,3,4,2.98,2.67
328,2,3,2,3.19,1.16
329,3,3,3,3.39,1.59
330,2,3,5,2.53,2.85
331,1,3,5,4.1,1.63
332,4,3,1,3.89,3.08
333,3,3,2,3.86,4.69
334,2,3,5,3.86,1.8
335,4,3,5,4.56,1.43
336,3,4,1,3.38,4.3
337,2,3,5,4.87,2.84
338,3,3,3,1.48,4.53
339,4,3,3,3.53,2.22
340,3,3,1,3.87,3.51
341,2,3,4,2.91,4.69
342,3,3,4,2.15,1.69
343,2,3,4,3.2,4.2
344,3,3,4,2.46,3.53
345,3,3,5,4.64,4.25
346,3,3,5,2.43,1.68
347,3,3,4,1.7,2.74
348,3,3,5,3.31,1.52
349,3,3,4,2.58,4.84
350,4,3,4,1.38,1.25
351,4,3,3,3.26,1.26
352,2,3,4,3.15,4.59
353,2,4,1,1.69,2.2
354,3,3,3,3.39,3.39
355,2,3,3,3.27,2.15
356,3,3,5,4.09,3.6
357,3,4,1,2.45,1.77
358,3,3,4,2.0,2.84
359,3,3,1,4.8,3.13
360,3,3,5,3.24,2.33
361,4,3,5,1.11,2.01
362,2,3,2,4.28,1.56
363,2,4,5,1.79,3.82
364,3,3,3,4.14,1.67
365,3,4,5,3.82,2.17
366,3,3,4,4.88,2.35
367,4,3,1,4.86,2.82
368,3,3,2,2.1,3.81
369,1,3,3,4.07,2.71
370,3,3,2,2.27,4.48
371,3,3,1,3.52,3.72
372,3,3,5,3.39,4.35
373,2,3,5,1.22,3.87
374,3,3,3,1.02,1.59
375,2,3,2,1.23,4.91
376,2,4,1,1.51,4.15
377,3,3,5,2.03,3.29
378,2,3,2,4.63,1.66
379,4,3,1,3.07,1.69
380,3,3,2,4.19,3.46
381,3,3,3,4.35,2.66
382,3,3,4,3.94,3.7
383,3,4,2,2.57,2.49
384,2,3,5,4.46,3.05
385,4,3,4,3.97,1.75
386,3,4,5,3.97,1.62
387,3,3,2,4.61,1.3
388,3,3,4,3.39,4.28
389,2,3,2,3.11,3.22
390,4,3,4,4.56,4.79
391,1,3,4,2.82,4.0
392,4,4,2,4.25,4.08
393,3,3,5,1.22,3.04
394,3,3,5,1.01,4.26
395,3,3,5,3.11,4.77
396,3,4,2,1.29,3.89
397,2,3,4,4.91,1.42
398,3,3,1,1.02,3.6
399,2,3,1,3.87,1.48
400,4,3,5,1.97,1.31
401,3,3,1,4.87,3.77
402,3,3,5,2.53,4.34
403,3,3,3,1.11,1.64
404,3,3,2,1.11,1.3
405,1,3,1,3.21,4.55
406,3,3,4,4.95,1.53
407,3,3,4,4.92,1.14
408,3,4,3,2.35,3.88
409,3,3,5,2.93,4.39
410,4,3,2,1.4,3.06
411,3,4,3,3.09,3.16
412,3,3,2,3.4,2.35
413,3,3,3,2.0,1.95
414,3,3,1,3.45,4.02
415,2,3,3,4.6,4.4
416,3,3,3,1.0,2.28
417,3,4,3,1.92,2.1
418,3,3,3,1.84,2.07
419,3,4,4,1.5,1.2
420,2,3,3,1.66,2.12
421,3,3,2,3.5,1.1
422,3,3,2,1.41,4.15
423,2,3,4,3.95,2.02
424,3,3,5,4.55,3.76
425,2,3,4,4.71,3.17
426,2,3,4,3.64,4.35
427,3,3,5,1.79,4.84
428,2,3,5,1.34,2.47
429,3,3,3,1.93,1.35
430,1,3,1,4.85,4.0
431,3,3,4,4.85,1.09
432,3,3,4,2.53,1.89
433,3,3,2,2.3,1.21
434,2,3,5,3.04,4.59
435,3,4,5,2.17,1.02
436,3,3,2,4.92,2.97
437,3,3,3,1.88,2.7
438,2,3,1,2.48,3.61
439,3,3,1,2.72,2.16
440,3,3,2,1.5,4.49
441,2,3,2,2.53,3.94
442,3,3,2,4.43,2.73
443,1,3,1,1.56,2.43
444,3,3,3,3.34,4.26
445,2,3,4,2.63,4.03
446,3,4,2,1.68,2.6
447,1,3,3,1.05,2.37
448,2,3,2,2.09,1.16
449,3,3,4,1.25,1.33
450,3,3,4,2.51,1.22
451,3,3,5,4.24,1.1
452,3,4,1,3.88,1.61
453,3,3,5,4.79,4.43
454,2,3,2,2.71,4.19
455,3,3,1,3.83,4.38
456,3,3,4,3.66,3.5
457,2,4,1,1.87,3.5
458,2,3,1,2.21,1.5
459,3,3,5,3.12,3.8
460,3,3,2,4.19,2.12
461,4,3,3,2.85,3.08
462,3,3,2,1.91,4.82
463,2,3,1,4.97,4.48
464,3,3,1,1.46,1.93
465,2,3,1,4.82,3.95
466,3,3,3,4.24,1.42
467,3,3,3,4.36,1.11
468,2,3,1,4.18,1.11
469,3,3,2,1.83,1.68
470,3,3,2,3.53,3.78
471,3,3,3,4.03,2.45
472,3,3,5,3.98,1.06
473,2,3,4,2.09,4.95
474,3,3,5,1.72,3.13
475,3,3,1,2.31,2.58
476,3,4,2,2.92,3.08
477,3,4,4,3.3,3.08
478,3,3,2,4.35,2.88
479,3,3,5,4.08,3.45
480,3,3,3,3.7,4.54
481,4,3,2,2.05,2.21
482,3,3,5,2.92,2.95
483,3,3,3,2.34,1.01
484,4,3,5,1.94,4.44
485,4,4,3,1.04,2.22
486,2,3,1,2.36,2.09
487,4,3,4,2.02,4.99
488,2,3,1,3.29,3.34
489,3,3,4,1.25,1.49
490,4,3,3,2.08,2.06
491,2,3,4,1.18,2.41
492,4,3,5,3.57,4.94
493,3,3,3,3.27,2.72
494,2,3,5,2.35,1.92
495,3,3,1,1.59,3.28
496,4,3,1,4.83,2.62
497,3,3,5,3.34,1.22
498,2,3,3,3.72,4.44
499,1,4,3,3.13,1.06
500,2,3,1,4.23,4.59
501,3,3,2,4.59,4.17
502,3,4,4,2.53,1.3
503,4,4,5,3.76,3.89
504,3,3,5,1.92,4.08
505,3,3,3,3.61,3.41
506,2,3,3,2.6,3.31
507,4,3,1,1.03,1.2
508,1,3,1,4.82,1.24
509,3,3,3,4.47,3.91
510,3,4,3,2.16,1.42
511,3,3,1,4.99,1.97
512,2,3,3,2.27,3.0
513,2,3,4,2.84,1.66
514,3,3,5,4.41,4.16
515,3,3,5,2.22,4.23
516,3,3,2,2.8,4.37
517,2,3,2,3.66,1.2
518,2,4,5,1.52,2.71
519,2,4,4,2.69,4.39
520,3,3,2,2.24,2.45
521,3,3,4,3.71,3.78
522,3,4,1,1.54,3.36
523,2,3,3,1.93,2.39
524,1,3,2,3.85,2.11
525,3,3,5,1.62,3.61
526,4,3,1,2.69,1.53
527,3,3,5,3.85,4.44
528,3,3,2,4.06,3.31
529,2,3,1,1.38,1.45
530,3,3,4,4.41,3.81
531,4,3,4,3.9,2.72
532,3,3,1,2.36,1.82
533,3,3,1,4.06,4.84
534,2,4,1,3.91,3.88
535,3,3,3,3.4,3.37
536,3,3,1,3.23,4.4
537,3,3,4,3.94,3.18
538,2,4,1,5.0,2.77
539,2,3,4,3.31,1.76
540,4,3,5,4.23,1.61
541,3,3,4,3.98,2.73
542,2,3,5,4.42,2.82
543,3,3,5,4.82,3.93
544,3,3,1,1.77,2.77
545,2,3,2,1.66,3.37
546,3,4,4,3.35,4.33
547,3,3,2,2.8,4.97
548,3,3,4,3.28,2.29
549,3,3,4,4.19,4.61
550,2,3,5,4.73,4.22
551,4,3,2,2.67,1.27
552,3,3,2,3.87,2.34
553,3,3,1,1.79,1.88
554,3,4,2,3.14,3.66
555,3,3,2,1.09,3.22
556,3,3,3,3.02,2.98
557,3,3,3,3.18,4.05
558,2,3,5,3.94,2.33
559,3,3,4,3.6,2.53
560,4,3,4,2.43,4.46
561,3,3,1,1.02,4.89
562,3,3,3,1.46,4.11
563,3,3,4,4.89,1.87
564,2,4,2,4.69,1.45
565,2,3,3,2.3,1.84
566,1,3,4,2.04,2.69
567,4,3,4,2.75,1.95
568,1,4,5,3.76,4.6
569,2,3,3,2.43,3.68
570,3,3,2,1.27,2.67
571,4,3,2,2.61,2.1
572,2,3,4,2.04,2.52
573,3,3,3,2.3,2.9
574,4,3,3,1.65,3.86
575,3,3,1,3.64,1.36
576,3,3,3,3.11,4.4
577,3,3,2,2.08,1.51
578,2,3,3,3.22,2.05
579,1,3,5,2.97,4.97
580,1,3,4,4.18,1.76
581,1,3,3,4.82,1.4
582,2,4,5,1.52,3.55
583,3,4,5,4.54,2.57
584,3,3,3,3.82,1.37
585,1,3,4,3.77,1.01
586,3,4,2,2.5,1.32
587,3,3,5,2.38,3.09
588,3,4,2,1.02,1.92
589,3,3,2,4.93,4.11
590,3,3,1,3.43,4.43
591,3,3,5,2.61,1.58
592,3,3,2,3.18,2.35
593,2,3,5,1.16,1.59
594,1,3,1,1.69,2.15
595,3,4,3,3.49,1.96
596,3,3,3,3.06,4.15
597,3,3,3,4.15,2.38
598,1,3,1,3.63,2.98
599,3,3,1,3.41,3.7
600,1,3,2,4.26,4.29
601,2,3,3,1.27,2.2
602,3,3,4,3.76,1.84
603,2,4,3,3.86,4.91
604,3,3,2,2.1,2.28
605,3,3,2,1.78,3.68
606,1,3,4,1.86,3.71
607,4,3,3,1.79,3.06
608,2,3,5,3.1,1.91
609,4,3,3,1.54,1.57
610,3,4,3,3.64,2.95
611,3,3,1,1.42,3.04
612,3,4,1,1.11,4.09
613,2,4,5,2.28,3.84
614,3,3,2,1.77,4.65
615,2,3,3,4.95,4.88
616,4,3,3,2.21,3.91
617,3,3,1,1.89,1.31
618,1,3,3,1.79,2.62
619,2,3,2,2.5,3.44
620,3,4,1,3.42,3.36
621,2,3,3,4.13,1.73
622,3,3,3,2.46,3.33
623,3,3,1,3.5,2.4
624,3,3,3,2.93,2.36
625,2,3,4,4.39,4.34
626,3,3,2,3.28,2.69
627,1,3,5,2.16,3.11
628,3,4,4,3.81,3.25
629,2,3,4,4.28,3.25
630,3,3,1,2.86,1.85
631,2,4,4,4.95,3.4
632,3,4,2,4.52,2.34
633,2,3,4,1.79,3.62
634,3,4,5,4.15,1.58
635,3,3,2,3.4,4.98
636,3,4,2,3.14,4.09
637,3,3,1,3.06,2.67
638,3,3,4,4.41,2.21
639,4,3,4,3.44,2.55
640,3,3,3,3.15,3.88
641,3,3,1,1.2,3.62
642,2,3,2,2.79,3.81
643,3,3,3,4.63,4.56
644,4,3,5,3.85,2.83
645,3,3,1,1.2,3.68
646,3,3,2,4.54,2.77
647,3,3,4,4.31,3.55
648,3,3,2,3.19,2.9
649,3,3,5,1.09,4.11
650,3,3,5,3.25,1.02
651,4,3,2,1.22,1.86
652,3,4,4,2.28,2.19
653,3,3,4,3.52,4.78
654,3,3,4,4.65,3.03
655,3,3,1,2.43,2.46
656,3,3,1,4.44,2.62
657,4,4,2,4.67,2.81
658,3,3,1,1.08,4.47
659,1,3,2,1.96,4.85
660,2,3,4,3.84,4.38
661,3,3,3,4.03,4.37
662,3,4,2,2.57,1.8
663,3,3,1,3.63,2.07
664,3,3,2,3.45,3.38
665,1,3,3,3.96,3.62
666,3,3,4,3.87,1.81
667,3,3,2,1.34,3.99
668,3,3,2,1.63,1.8
669,4,3,3,1.53,2.05
670,2,4,1,4.73,2.23
671,3,3,2,4.65,4.38
672,3,3,1,4.19,3.93
673,3,3,3,1.47,3.12
674,3,3,3,3.3,4.28
675,3,3,3,1.75,4.25
676,3,3,4,2.47,2.56
677,3,4,2,2.07,4.13
678,3,3,5,4.32,1.82
679,3,3,5,1.58,3.01
680,3,3,1,3.58,1.47
681,1,3,5,4.94,2.71
682,3,3,1,3.75,3.08
683,2,4,2,1.32,1.32
684,4,3,3,4.63,2.85
685,2,3,1,3.57,3.61
686,2,3,2,2.83,3.46
687,2,3,1,3.64,1.22
688,2,4,3,4.52,1.38
689,2,3,5,2.91,2.41
690,3,3,5,3.13,4.37
691,2,3,2,2.81,4.48
692,3,3,3,1.29,2.24
693,2,3,3,4.15,3.88
694,3,3,3,1.51,3.31
695,3,3,4,2.58,4.93
696,3,3,5,2.55,1.38
697,2,3,3,2.12,3.19
698,3,3,1,2.61,3.37
699,3,3,5,3.47,2.23
700,3,3,5,2.25,1.19
701,3,4,2,1.69,1.21
702,2,3,3,4.48,2.81
703,2,3,5,4.88,3.77
704,2,3,3,2.83,3.8
705,3,3,3,2.31,1.72
706,2,3,5,1.19,4.43
707,4,3,5,1.15,2.51
708,3,3,3,2.57,4.86
709,4,3,1,4.72,1.47
710,1,4,3,3.92,4.35
711,3,3,4,2.4,4.63
712,2,4,2,4.87,4.29
713,3,3,3,2.72,4.24
714,3,3,4,2.11,2.45
715,3,4,1,2.71,3.85
716,2,3,3,1.85,3.32
717,4,3,4,4.54,2.7
718,4,3,2,2.44,4.97
719,3,3,3,3.63,2.16
720,3,3,4,2.56,2.65
721,2,3,1,4.61,4.61
722,4,3,4,3.57,2.16
723,1,3,2,2.95,1.61
724,3,3,2,1.53,2.24
725,2,3,4,4.61,4.04
726,3,4,1,3.19,4.44
727,3,3,1,2.14,1.46
728,2,3,3,4.51,3.49
729,3,3,5,1.22,3.27
730,2,3,1,2.26,3.68
731,3,3,4,3.15,3.68
732,4,3,1,2.36,4.84
733,3,3,3,2.91,2.39
734,3,3,3,2.06,2.2
735,3,3,3,1.52,3.32
736,2,3,1,1.15,2.72
737,3,3,4,1.63,2.9
738,3,3,2,4.81,1.28
739,3,3,4,3.3,1.59
740,4,3,4,2.96,4.74
741,3,4,3,2.54,1.27
742,3,3,2,3.83,3.36
743,3,3,4,1.57,4.02
744,3,3,5,2.1,1.05
745,3,3,5,3.62,1.89
746,1,3,5,2.92,2.51
747,2,4,2,4.08,3.03
748,2,3,3,4.59,2.37
749,3,3,2,4.29,3.6
750,3,3,5,1.74,1.91
751,2,3,5,1.37,1.1
752,3,3,5,1.68,1.01
753,3,3,1,4.13,2.38
754,3,3,2,4.66,2.45
755,3,3,4,4.7,4.79
756,3,3,4,2.19,1.18
757,3,3,2,4.36,3.12
758,4,3,1,3.14,3.31
759,1,3,1,4.29,3.8
760,3,3,4,3.19,3.55
761,2,3,3,1.58,1.03
762,3,3,3,1.32,3.53
763,3,3,5,4.83,2.29
764,2,3,1,2.7,4.09
765,3,4,4,2.4,1.75
766,3,3,2,2.43,3.86
767,3,3,5,2.52,3.5
768,3,3,5,4.78,3.61
769,3,3,3,1.25,1.7
770,3,3,2,1.48,3.68
771,3,3,2,4.16,3.95
772,2,3,1,3.2,2.96
773,3,3,5,1.51,2.36
774,3,3,1,1.14,1.67
775,2,3,3,1.9,2.16
776,3,3,3,2.04,4.06
777,3,3,4,1.06,2.64
778,3,3,5,1.86,3.81
779,3,4,3,3.95,3.96
780,3,3,4,4.42,3.7
781,3,3,3,4.59,3.69
782,3,3,3,2.56,3.44
783,2,3,1,2.28,3.07
784,3,3,2,5.0,1.79
785,2,3,3,4.08,4.37
786,3,4,1,3.15,4.86
787,1,3,2,2.02,2.87
788,3,3,3,2.29,4.73
789,4,3,3,3.06,4.99
790,3,3,5,3.17,2.94
791,3,3,5,1.05,3.9
792,3,4,4,4.84,3.58
793,3,4,1,3.3,1.95
794,3,3,3,3.36,1.19
795,3,3,4,1.85,2.81
796,2,3,3,4.06,4.15
797,3,3,3,3.95,2.3
798,3,4,3,1.38,4.14
799,3,4,3,3.38,3.62
800,3,3,3,3.63,3.78
801,3,3,1,4.34,2.14
802,2,3,3,1.82,2.88
803,2,3,2,4.51,1.73
804,1,3,4,2.85,1.99
805,2,4,5,1.39,1.36
806,3,3,3,1.42,1.51
807,3,3,2,1.79,1.84
808,3,3,5,2.13,3.32
809,3,4,4,2.99,2.76
810,2,3,3,4.0,2.07
811,3,3,1,1.75,4.44
812,2,3,1,4.97,3.1
813,3,3,2,1.65,4.69
814,3,3,2,3.4,3.54
815,1,3,4,4.72,1.06
816,2,3,3,4.33,4.65
817,2,3,5,3.59,4.43
818,2,4,3,3.86,3.54
819,2,3,5,1.54,3.14
820,3,3,3,1.04,2.81
821,2,3,2,2.74,2.93
822,4,3,4,1.36,4.08
823,2,3,3,2.43,3.05
824,4,3,2,1.89,1.7
825,2,3,3,4.67,1.23
826,4,3,4,4.52,1.5
827,3,3,2,4.28,2.01
828,2,3,4,3.86,2.47
829,2,3,5,1.62,4.57
830,3,3,3,1.19,1.96
831,3,3,2,3.62,2.28
832,3,3,3,3.57,1.89
833,4,3,5,2.48,3.18
834,3,3,1,2.89,3.47
835,2,4,5,2.96,3.13
836,3,3,3,1.96,4.81
837,4,3,5,2.26,4.98
838,2,3,4,2.67,4.35
839,3,3,4,3.41,4.22
840,3,3,5,4.82,2.46
841,2,3,1,3.15,3.32
842,4,4,3,3.92,2.41
843,4,3,1,4.23,4.14
844,4,4,2,1.45,1.69
845,2,3,1,3.61,1.87
846,3,3,4,2.93,1.15
847,4,3,4,3.29,3.44
848,2,4,4,1.15,3.75
849,3,3,1,4.62,1.01
850,3,3,2,4.81,3.04
851,3,3,4,1.01,2.51
852,3,3,5,1.85,4.17
853,1,3,5,1.72,1.16
854,3,4,1,4.13,1.19
855,2,3,3,3.39,3.48
856,3,3,1,1.71,3.37
857,3,3,5,4.26,4.32
858,3,3,1,2.41,3.37
859,2,3,5,2.84,4.8
860,3,3,1,2.55,2.26
861,3,3,1,3.09,2.59
862,4,4,5,2.92,4.91
863,2,3,3,2.1,1.43
864,3,3,3,2.7,4.18
865,2,3,4,4.63,1.05
866,4,3,2,3.01,2.95
867,3,3,4,4.67,1.61
868,3,4,3,3.2,3.4
869,1,3,2,4.08,4.19
870,3,3,2,2.17,1.13
871,3,3,1,4.16,1.66
872,3,3,2,2.06,2.37
873,3,3,3,1.08,2.02
874,3,3,1,1.64,2.53
875,3,3,1,1.09,4.81
876,4,4,4,4.79,1.4
877,2,3,3,5.0,2.69
878,3,3,1,4.05,2.83
879,3,3,4,1.43,2.12
880,2,3,4,4.6,2.11
881,2,4,1,3.98,3.86
882,3,3,2,2.33,3.47
883,3,4,2,3.01,4.25
884,3,3,4,3.65,2.62
885,3,3,1,1.1,3.43
886,2,3,5,3.01,4.57
887,3,4,2,3.93,4.41
888,3,3,1,1.75,4.68
889,2,3,5,2.78,2.08
890,3,3,1,3.13,4.94
891,3,3,1,3.94,4.27
892,3,3,5,4.86,4.18
893,2,4,3,4.39,3.67
894,3,3,3,3.49,4.93
895,3,3,4,3.33,2.77
896,2,3,4,3.41,3.97
897,2,3,4,3.18,3.8
898,3,3,1,1.24,3.93
899,3,3,3,3.79,4.01
900,3,3,2,3.87,1.76
901,4,3,5,3.05,2.4
902,3,3,3,4.48,2.57
903,2,3,1,3.69,3.99
904,3,3,5,2.45,3.86
905,3,3,2,1.08,4.33
906,3,3,2,1.24,4.15
907,2,3,5,2.41,3.38
908,2,3,4,2.85,1.56
909,3,3,5,1.67,3.54
910,1,3,4,1.76,4.55
911,3,4,5,1.92,3.57
912,1,3,1,4.12,4.58
913,3,4,3,4.09,5.0
914,3,3,2,2.53,2.44
915,2,3,2,1.69,3.89
916,2,4,2,1.44,3.16
917,2,3,2,1.35,2.82
918,3,3,3,2.57,1.96
919,2,4,5,1.18,1.98
920,2,3,4,2.33,1.74
921,3,3,2,4.85,3.53
922,3,3,3,3.03,1.57
923,3,3,3,4.29,2.73
924,3,3,2,1.52,3.09
925,3,3,3,2.07,2.75
926,3,3,4,4.79,4.42
927,3,3,2,2.53,2.77
928,3,3,3,3.59,1.33
929,2,3,4,4.9,4.97
930,3,3,3,3.2,4.38
931,2,3,2,2.22,3.64
932,2,3,3,3.13,4.03
933,3,3,4,1.22,1.51
934,2,3,2,1.45,4.06
935,2,3,3,1.03,1.83
936,3,3,4,4.54,2.96
937,2,4,2,3.69,1.71
938,1,3,2,2.19,4.02
939,4,3,5,1.88,1.98
940,3,3,2,3.73,2.01
941,2,3,3,4.68,1.44
942,3,3,1,2.2,3.88
943,2,3,5,2.29,2.18
944,3,3,3,4.42,3.07
945,3,3,4,4.57,2.33
946,3,3,4,4.66,4.1
947,1,3,2,2.17,1.91
948,3,3,2,1.48,4.76
949,3,4,4,2.76,2.29
950,3,3,5,2.18,1.42
951,1,3,1,4.54,1.96
952,2,3,5,1.15,1.3
953,3,3,5,3.54,2.87
954,3,3,1,4.62,2.0
955,3,3,1,4.91,4.54
956,3,3,4,3.6,3.07
957,4,3,5,4.8,1.93
958,3,3,2,1.3,2.81
959,1,3,4,2.44,1.78
960,3,3,5,1.03,1.71
961,3,3,2,4.92,2.2
962,3,3,2,4.61,1.43
963,1,3,5,1.11,1.75
964,2,3,2,1.07,4.75
965,2,3,3,2.47,3.67
966,3,3,3,2.03,4.68
967,3,3,3,4.39,2.03
968,3,4,2,1.64,4.43
969,3,3,4,4.16,2.45
970,3,3,4,3.22,1.58
971,1,3,2,2.51,4.22
972,3,3,3,1.58,1.24
973,2,3,1,4.99,2.62
974,2,3,2,3.47,4.28
975,3,4,5,2.76,3.47
976,3,3,3,2.48,3.07
977,3,3,4,4.62,2.41
978,3,4,5,4.28,1.3
979,3,4,4,4.24,4.96
980,3,3,4,3.46,1.7
981,3,3,4,4.55,2.02
982,3,3,3,2.2,1.94
983,2,3,4,3.81,4.63
984,2,3,2,2.62,4.05
985,2,3,5,3.4,2.83
986,3,3,1,4.99,4.82
987,3,3,5,4.94,1.21
988,3,3,5,3.05,4.57
989,3,3,1,3.3,1.24
990,4,3,4,4.59,2.56
991,2,3,5,4.94,1.22
992,3,3,3,4.11,5.0
993,3,4,2,1.26,4.66
994,3,3,5,2.29,3.34
995,2,3,3,4.59,1.87
996,3,3,1,4.07,2.11
997,3,3,2,3.97,2.8
998,1,3,4,3.67,2.29
999,3,3,3,2.66,1.09
1000,3,3,2,2.61,3.63
1001,3,3,4,4.24,3.45
1002,3,3,1,2.18,4.62
1003,3,3,2,3.74,2.91
1004,2,3,3,3.9,2.38
1005,3,3,1,4.38,3.05
1006,3,3,2,2.28,1.78
1007,3,4,5,3.97,3.5
1008,3,3,5,1.43,4.08
1009,3,3,5,1.55,1.61
1010,2,4,2,2.67,2.27
1011,4,3,1,1.22,4.47
1012,3,3,5,4.79,3.02
1013,3,3,2,4.61,3.13
1014,4,3,4,1.2,3.89
1015,2,3,1,4.35,3.31
1016,3,3,4,3.04,1.28
1017,2,3,3,3.81,4.22
1018,3,3,5,4.55,4.69
1019,2,3,1,3.31,1.21
1020,4,3,3,1.47,1.48
1021,2,3,5,1.01,3.81
1022,4,3,2,2.99,3.42
1023,3,3,4,4.8,2.53
1024,3,4,1,3.29,3.16
1025,3,3,4,2.49,3.81
1026,3,3,2,1.12,3.02
1027,2,3,3,4.66,1.56
1028,3,3,5,2.31,1.36
1029,3,3,4,3.82,2.76
1030,3,3,3,3.78,4.69
1031,3,3,1,2.02,3.23
1032,3,3,2,1.26,2.43
1033,4,4,5,2.54,4.63
1034,3,3,2,2.27,2.55
1035,2,3,4,3.8,3.04
1036,3,3,3,4.28,1.47
1037,1,3,2,1.89,3.95
1038,2,3,4,3.11,3.8
1039,3,3,2,1.16,4.18
1040,2,3,2,1.86,2.3
1041,3,3,3,4.05,2.74
1042,3,3,4,4.17,1.67
1043,2,3,5,4.11,4.86
1044,3,3,4,1.57,1.34
1045,2,3,4,3.2,3.6
1046,3,3,4,2.69,3.82
1047,3,3,2,4.97,1.63
1048,2,3,2,3.62,2.46
1049,3,3,3,4.74,1.17
1050,3,3,4,1.58,3.23
1051,1,3,4,2.8,4.98
1052,2,3,1,4.09,2.72
1053,3,3,4,2.47,4.96
1054,3,4,2,3.53,1.5
1055,3,3,5,3.05,2.57
1056,2,3,4,4.97,4.61
1057,2,3,5,1.7,4.51
1058,3,3,4,4.74,2.29
1059,3,4,3,2.61,3.71
1060,3,3,1,2.87,4.54
1061,3,3,2,3.11,4.07
1062,3,3,5,2.06,3.51
1063,3,3,2,4.85,1.61
1064,2,3,1,4.65,1.29
1065,3,4,2,4.89,3.46
1066,2,3,3,4.99,3.0
1067,3,3,4,3.68,1.95
1068,3,3,5,2.81,2.17
1069,3,3,5,4.4,2.57
1070,3,3,3,1.1,2.98
1071,4,3,3,4.34,2.56
1072,3,4,5,2.99,2.55
1073,2,3,1,3.69,1.46
1074,2,3,3,2.5,4.46
1075,2,3,3,2.47,3.44
1076,4,4,4,1.13,1.58
1077,3,4,5,2.7,2.7
1078,3,3,4,2.63,2.67
1079,3,3,4,1.9,3.4
1080,4,3,4,1.99,3.44
1081,3,3,3,3.34,3.58
1082,3,3,2,2.27,3.79
1083,2,3,2,4.32,1.41
1084,3,3,4,1.45,2.22
1085,3,3,4,3.31,1.07
1086,2,3,2,1.64,2.82
1087,4,3,5,3.11,2.72
1088,2,4,5,3.21,3.94
1089,2,3,4,3.57,1.67
1090,1,3,2,2.71,3.53
1091,3,3,5,3.04,2.23
1092,2,3,2,1.72,2.53
1093,2,4,3,2.85,3.88
1094,4,3,5,2.49,1.29
1095,3,3,3,3.66,2.37
1096,3,3,2,2.74,2.57
1097,3,4,1,4.12,3.86
1098,3,3,2,2.7,1.8
1099,3,3,4,1.94,4.79
1100,3,3,4,2.09,4.99
1101,2,4,2,1.18,4.28
1102,3,3,1,3.16,2.2
1103,4,4,4,4.32,3.66
1104,4,3,1,4.08,1.33
1105,3,3,1,2.75,4.49
1106,3,3,3,1.78,3.06
1107,3,3,3,4.45,1.71
1108,3,3,2,1.23,2.31
1109,3,3,2,2.6,4.2
1110,3,3,2,4.43,4.48
1111,3,3,2,2.57,3.08
1112,3,3,1,1.47,2.92
1113,3,3,1,2.06,4.0
1114,3,3,2,3.4,4.3
1115,3,3,1,1.61,4.06
1116,3,3,2,3.62,2.54
1117,3,4,3,2.75,3.57
1118,3,3,1,2.34,4.43
1119,3,4,4,1.96,1.61
1120,2,3,4,4.29,2.55
1121,3,3,3,2.59,1.23
1122,3,3,4,3.95,2.64
1123,3,3,5,2.76,4.09
1124,3,3,1,1.37,1.79
1125,4,3,1,2.76,3.17
1126,1,3,2,3.03,1.15
1127,3,3,4,2.83,4.59
1128,2,3,5,4.26,4.28
1129,4,3,5,4.64,3.1
1130,4,4,3,4.15,3.82
1131,4,3,3,3.33,1.42
1132,3,3,3,3.17,4.38
1133,2,3,1,3.58,3.86
1134,2,3,3,2.15,1.48
1135,1,3,3,4.25,4.92
1136,3,3,2,4.43,1.09
1137,2,3,4,2.07,3.51
1138,3,3,5,4.61,1.69
1139,3,3,2,4.39,3.88
1140,3,3,5,2.7,1.28
1141,3,3,1,4.64,1.32
1142,3,3,5,1.48,2.87
1143,2,3,4,1.11,4.98
1144,2,3,2,2.39,2.11
1145,3,3,4,3.26,3.45
1146,2,3,2,2.41,3.07
1147,3,3,4,4.77,4.37
1148,3,3,1,2.02,2.15
1149,4,3,2,2.12,3.22
1150,1,3,2,3.54,4.8
1151,3,3,1,1.02,2.33
1152,2,4,2,3.91,2.76
1153,2,3,4,2.51,4.56
1154,3,3,4,4.91,2.33
1155,2,3,3,3.77,2.52
1156,3,3,1,1.21,2.22
1157,2,3,2,1.37,4.24
1158,3,3,5,1.35,4.72
1159,3,3,2,4.81,3.52
1160,3,3,1,3.74,3.49
1161,3,3,3,2.71,2.56
1162,1,3,1,1.8,1.05
1163,1,3,2,4.49,1.7
1164,2,3,5,1.81,1.59
1165,2,3,2,3.83,1.46
1166,3,3,4,4.05,3.62
1167,3,4,3,2.18,1.55
1168,2,3,2,3.02,1.34
1169,3,3,4,1.89,2.53
1170,2,3,3,2.52,2.0
1171,3,3,2,4.86,1.58
1172,3,3,2,3.77,1.58
1173,2,3,5,4.39,2.02
1174,3,3,1,3.16,3.15
1175,3,3,5,1.96,4.03
1176,3,4,3,3.85,4.41
1177,3,3,5,3.0,4.01
1178,3,3,2,1.71,3.51
1179,3,3,3,2.65,4.63
1180,4,3,4,3.54,3.08
1181,3,3,2,3.94,3.53
1182,3,3,2,1.97,2.65
1183,2,3,3,4.5,2.31
1184,2,4,4,2.52,2.33
1185,3,4,2,2.08,1.59
1186,2,4,4,1.78,4.19
1187,3,4,4,4.22,1.22
1188,4,3,1,2.42,3.7
1189,3,3,5,2.93,4.46
1190,3,3,1,1.89,2.99
1191,3,3,4,3.74,1.28
1192,3,3,3,4.12,2.71
1193,3,3,4,2.36,2.37
1194,2,4,4,4.78,4.94
1195,2,3,4,1.12,3.77
1196,2,3,4,1.53,3.89
1197,4,3,5,3.36,3.06
1198,3,3,4,3.81,3.84
1199,2,4,5,2.0,3.89
1200,3,3,3,3.22,1.27
1201,3,3,2,2.27,1.89
1202,2,3,2,3.22,1.05
1203,3,3,4,3.64,3.04
1204,3,3,3,4.89,4.5
1205,4,3,1,2.82,3.44
1206,3,3,2,3.59,3.0
1207,3,4,5,3.31,4.7
1208,3,3,4,2.27,1.69
1209,3,3,4,2.01,1.3
1210,3,4,1,4.95,4.67
1211,2,3,1,1.83,4.61
1212,3,3,2,4.16,3.73
1213,3,3,5,1.59,1.98
1214,3,4,3,4.22,4.88
1215,3,3,4,1.74,4.06
1216,3,3,3,4.87,3.7
1217,2,3,3,3.74,1.89
1218,2,3,4,1.36,3.05
1219,3,3,5,3.77,4.29
1220,3,3,3,3.41,4.44
1221,3,3,3,2.35,3.25
1222,3,4,5,2.04,3.09
1223,3,3,2,3.88,3.79
1224,2,3,5,3.97,3.11
1225,3,3,3,2.31,2.67
1226,2,3,5,4.5,1.34
1227,3,3,3,2.08,1.5
1228,4,3,4,1.28,4.04
1229,3,3,2,3.4,1.1
1230,4,3,4,1.43,1.21
1231,3,3,2,2.11,4.62
1232,3,3,4,3.03,3.82
1233,2,3,4,2.15,1.02
1234,3,3,3,1.86,2.25
1235,3,3,3,3.81,4.05
1236,3,3,2,3.19,2.67
1237,1,3,4,4.36,2.88
1238,3,3,3,3.32,2.84
1239,3,3,3,2.93,1.81
1240,2,4,1,2.05,3.89
1241,3,3,1,4.17,1.41
1242,1,3,1,1.79,3.03
1243,3,3,5,1.97,1.68
1244,3,4,5,4.37,1.19
1245,3,3,1,3.96,1.57
1246,3,3,1,3.45,4.48
1247,2,3,4,1.16,1.7
1248,2,3,3,1.51,2.11
1249,2,3,2,3.0,1.55
1250,3,3,4,3.99,3.94
1251,2,3,2,2.86,2.78
1252,2,3,1,1.07,4.77
1253,3,3,2,1.74,3.66
1254,2,3,5,3.36,3.13
1255,3,3,4,3.78,3.63
1256,3,4,1,1.13,1.16
1257,1,3,3,1.17,4.8
1258,3,3,5,2.05,4.83
1259,2,3,5,1.33,2.1
1260,2,3,4,3.17,3.51
1261,3,3,1,1.49,1.81
1262,3,3,2,3.59,3.19
1263,1,3,2,4.11,4.08
1264,3,4,1,4.88,4.76
1265,3,3,1,4.79,2.36
1266,3,3,2,2.09,3.77
1267,3,4,3,1.12,3.87
1268,3,3,2,2.32,1.88
1269,3,4,3,3.83,3.52
1270,2,3,2,1.24,3.62
1271,3,3,1,2.44,4.06
1272,3,3,5,2.19,5.0
1273,3,3,3,1.88,1.16
1274,3,3,2,3.82,1.81
1275,3,3,5,3.64,1.58
1276,3,3,5,3.14,1.62
1277,3,3,5,4.64,2.82
1278,3,3,1,1.41,4.51
1279,3,3,4,1.6,2.79
1280,3,3,5,2.53,3.67
1281,3,3,5,3.62,2.51
1282,4,3,2,3.34,2.28
1283,2,3,5,1.3,4.34
1284,3,3,3,4.83,3.62
1285,1,4,3,2.22,2.4
1286,2,3,3,2.44,4.66
1287,3,3,4,3.49,2.99
1288,3,3,1,4.78,1.75
1289,4,3,3,3.65,2.93
1290,1,3,5,4.82,3.7
1291,3,3,3,1.75,2.47
1292,3,3,2,3.48,4.38
1293,3,3,1,4.32,3.13
1294,3,3,3,3.04,2.87
1295,3,3,4,2.45,4.43
1296,4,3,3,4.94,2.85
1297,3,3,5,1.56,2.66
1298,3,3,4,2.64,1.41
1299,3,4,3,4.49,2.45
1300,2,3,1,4.6,2.59
1301,4,4,3,4.92,1.72
1302,3,4,1,4.54,3.35
1303,2,3,4,1.2,1.58
1304,3,3,1,4.72,1.89
1305,3,3,5,2.71,3.24
1306,3,3,2,3.61,2.08
1307,2,3,3,2.58,3.56
1308,2,4,1,4.25,3.76
1309,3,4,2,3.3,2.21
1310,2,3,5,4.38,1.35
1311,4,3,2,1.78,2.96
1312,2,3,3,1.74,1.37
1313,3,3,5,2.76,3.06
1314,2,3,4,1.02,3.9
1315,3,4,1,3.77,3.48
1316,2,4,2,2.18,2.79
1317,3,4,2,3.23,4.78
1318,3,3,2,1.28,1.41
1319,2,3,2,1.68,4.52
1320,2,3,3,3.49,4.2
1321,3,4,2,2.22,2.68
1322,3,3,2,1.86,1.61
1323,3,3,3,1.92,1.62
1324,3,3,2,1.86,4.69
1325,3,3,2,3.49,1.93
1326,3,3,3,1.67,4.5
1327,3,3,5,2.45,3.01
1328,3,3,3,3.75,2.85
1329,3,4,3,3.05,3.48
1330,3,3,5,3.39,1.86
1331,3,3,4,2.0,2.71
1332,3,3,2,4.73,4.75
1333,3,4,2,2.66,1.95
1334,3,4,3,2.15,4.69
1335,1,3,3,4.62,4.98
1336,3,3,1,3.62,1.21
1337,3,4,1,3.46,3.13
1338,2,3,2,4.55,1.69
1339,2,3,5,1.23,3.49
1340,3,4,4,4.35,4.96
1341,3,3,5,3.71,4.59
1342,2,3,1,2.44,4.7
1343,4,3,3,2.03,1.85
1344,4,3,3,1.42,3.17
1345,2,4,3,4.76,1.94
1346,1,3,3,1.57,4.6
1347,4,3,2,2.04,1.76
1348,4,4,1,3.76,1.62
1349,4,3,5,3.84,1.05
1350,4,3,5,1.64,1.73
1351,2,3,1,4.26,1.76
1352,3,3,3,3.04,1.31
1353,2,3,3,4.39,4.47
1354,3,4,4,1.35,4.12
1355,3,3,5,1.17,2.02
1356,4,3,3,3.55,4.13
1357,3,4,4,1.6,2.69
1358,3,3,5,3.1,4.1
1359,3,3,5,1.06,2.29
1360,2,3,2,4.12,3.26
1361,4,3,5,4.6,2.53
1362,2,3,3,4.36,1.75
1363,3,3,1,4.83,3.34
1364,3,3,4,4.61,4.0
1365,2,3,5,2.78,4.01
1366,3,3,2,2.59,2.43
1367,1,3,3,4.58,3.07
1368,4,3,2,4.71,4.06
1369,3,3,1,4.89,1.22
1370,1,3,5,4.07,1.29
1371,3,3,1,1.81,2.5
1372,3,3,3,4.78,1.89
1373,3,4,1,4.79,2.5
1374,4,3,4,3.66,1.38
1375,2,3,5,4.43,3.37
1376,3,3,4,3.24,3.69
1377,3,3,4,4.78,4.17
1378,4,3,5,1.38,3.6
1379,3,3,5,4.46,2.59
1380,2,3,5,1.22,4.74
1381,2,3,2,2.36,3.91
1382,3,3,3,1.54,3.11
1383,3,3,5,2.92,1.83
1384,3,4,2,1.93,3.6
1385,3,4,4,4.81,3.37
1386,3,3,1,3.24,3.73
1387,3,3,5,4.59,4.12
1388,2,3,4,2.11,4.66
1389,3,3,4,1.1,4.8
1390,3,4,5,4.1,3.52
1391,1,3,2,3.81,4.86
1392,4,3,3,3.18,4.65
1393,4,3,5,4.26,1.01
1394,3,3,1,4.36,3.55
1395,3,4,5,3.35,1.71
1396,2,3,2,4.86,2.18
1397,3,3,3,3.88,2.19
1398,1,3,3,3.71,2.93
1399,3,4,4,2.45,1.04
1400,2,3,5,1.01,1.94
1401,4,3,2,1.96,1.12
1402,3,3,1,4.06,3.6
1403,3,3,3,3.84,4.56
1404,3,3,4,2.32,4.99
1405,4,3,4,3.5,2.79
1406,2,4,4,1.78,2.04
1407,3,3,2,2.05,4.41
1408,1,3,5,4.79,1.45
1409,4,3,1,2.65,4.9
1410,3,3,1,1.98,3.86
1411,3,3,1,2.95,3.02
1412,4,3,5,2.55,1.39
1413,2,3,1,3.92,1.07
1414,3,3,4,4.85,3.18
1415,3,4,5,3.37,2.66
1416,2,3,4,3.36,4.37
1417,3,3,5,2.46,3.57
1418,3,3,1,3.26,2.73
1419,3,3,3,2.28,1.9
1420,3,3,3,1.0,2.92
1421,4,4,4,4.46,1.65
1422,3,3,4,2.72,3.67
1423,4,3,3,2.97,3.42
1424,2,3,2,1.33,4.24
1425,3,3,1,4.35,2.8
1426,3,3,3,1.68,2.11
1427,2,3,2,2.64,4.35
1428,2,3,3,4.36,3.76
1429,2,3,4,2.83,3.83
1430,2,3,3,4.72,3.11
1431,3,3,3,1.84,4.5
1432,2,3,1,3.86,1.91
1433,2,4,4,4.91,2.61
1434,3,4,3,3.2,4.18
1435,3,3,1,3.77,1.53
1436,3,3,2,2.57,4.23
1437,2,3,4,4.01,2.41
1438,3,3,5,4.64,1.5
1439,3,3,3,3.81,1.32
1440,3,3,5,4.74,4.37
1441,2,3,1,3.35,4.11
1442,3,4,2,3.31,2.15
1443,3,3,5,2.22,1.47
1444,3,3,1,3.84,1.99
1445,4,3,4,4.53,1.85
1446,4,4,2,3.59,3.93
1447,2,4,2,1.93,1.86
1448,3,4,3,3.18,1.86
1449,3,3,2,4.02,1.13
1450,2,3,5,4.76,3.39
1451,2,3,5,1.63,3.76
1452,3,3,3,1.51,3.61
1453,4,3,3,2.65,3.27
1454,2,3,1,1.5,4.86
1455,2,3,2,4.92,2.89
1456,2,3,1,2.7,4.44
1457,2,3,5,3.13,3.58
1458,4,3,2,1.91,1.34
1459,3,3,2,2.8,4.24
1460,2,3,5,4.94,3.34
1461,3,3,4,2.95,3.61
1462,2,3,4,1.04,1.72
1463,3,3,1,1.97,2.75
1464,3,3,3,4.91,4.52
1465,2,3,3,4.96,1.86
1466,3,3,2,1.84,1.0
1467,2,3,4,3.46,2.03
1468,3,4,5,1.31,2.95
1469,2,3,2,3.31,4.29
1470,4,3,2,1.5,3.57
1471,3,3,2,4.27,4.68
1472,2,4,5,4.76,2.82
1473,3,3,1,1.69,2.56
1474,2,3,5,2.85,1.93
1475,3,3,4,1.41,1.87
1476,3,3,3,2.36,3.94
1477,3,4,3,1.26,1.32
1478,3,4,5,2.06,1.97
1479,3,4,4,4.96,4.54
1480,3,3,2,1.18,3.31
1481,2,3,1,4.44,1.19
1482,3,3,4,1.31,3.82
1483,3,3,1,3.12,3.03
1484,2,3,1,2.81,4.42
1485,3,3,5,4.73,3.73
1486,3,3,3,1.8,1.02
1487,2,3,4,1.72,1.82
1488,3,3,2,3.99,2.03
1489,2,3,1,3.9,3.81
1490,3,3,1,3.8,3.04
1491,3,3,2,1.1,3.99
1492,2,4,1,2.04,3.05
1493,3,3,3,4.36,2.31
1494,1,3,2,3.4,1.41
1495,3,3,3,3.41,1.81
1496,3,3,3,2.18,2.6
1497,3,4,2,2.04,3.21
1498,3,3,3,4.79,4.75
1499,2,3,1,3.91,1.96
1500,2,3,2,1.51,3.66
1501,2,3,5,4.75,1.61
1502,2,3,5,3.33,3.86
1503,3,3,3,2.33,1.05
1504,3,3,5,2.59,3.62
1505,3,3,3,3.9,1.65
1506,3,3,1,2.51,1.72
1507,3,3,5,3.31,3.24
1508,3,3,3,3.84,2.5
1509,2,3,4,1.78,2.89
1510,2,3,4,4.78,2.24
1511,2,3,2,2.42,4.81
1512,2,3,4,2.68,2.16
1513,3,3,3,3.79,3.17
1514,3,3,2,3.44,4.42
1515,2,4,2,2.76,3.66
1516,3,3,4,3.6,2.29
1517,3,4,2,4.61,3.21
1518,3,4,1,4.2,1.33
1519,3,4,5,4.3,3.18
1520,2,3,2,2.03,2.73
1521,2,3,4,2.68,4.03
1522,2,3,4,3.22,4.39
1523,3,4,5,1.18,1.8
1524,3,3,4,4.08,1.33
1525,3,3,4,2.29,2.56
1526,3,3,5,2.13,3.14
1527,3,4,5,2.04,2.51
1528,3,3,1,2.13,3.51
1529,3,4,4,2.35,3.02
1530,3,3,1,3.42,4.75
1531,3,4,5,3.33,2.64
1532,4,3,1,2.02,1.33
1533,4,3,2,1.83,2.21
1534,4,3,1,4.31,3.42
1535,3,3,4,1.37,2.02
1536,2,3,1,3.05,2.08
1537,3,3,1,3.08,2.36
1538,2,3,3,3.3,3.98
1539,3,3,5,4.54,4.76
1540,3,3,3,3.5,2.4
1541,3,3,3,4.89,1.78
1542,4,4,4,4.49,2.68
1543,3,3,3,1.86,2.41
1544,3,3,2,1.96,4.96
1545,3,3,3,2.38,2.86
1546,3,4,1,2.57,3.72
1547,3,3,2,3.21,4.66
1548,3,3,4,1.93,3.52
1549,3,3,2,1.89,2.0
1550,3,4,1,2.53,3.43
1551,2,3,1,3.69,2.61
1552,2,3,5,3.75,2.69
1553,3,3,2,4.9,4.92
1554,3,3,1,1.81,2.11
1555,3,3,4,2.57,2.88
1556,3,3,3,4.86,1.64
1557,4,3,3,3.76,1.71
1558,2,4,5,3.37,3.41
1559,3,3,2,3.16,4.0
1560,4,3,3,1.3,3.55
1561,1,4,4,4.57,2.32
1562,2,4,4,3.5,1.24
1563,2,3,2,3.29,2.88
1564,3,3,4,3.16,3.02
1565,2,3,4,2.57,4.08
1566,3,3,1,2.02,3.56
1567,3,4,1,4.02,4.49
1568,3,3,4,3.04,4.13
1569,3,3,1,1.14,2.46
1570,2,3,5,2.6,3.53
1571,1,4,1,4.71,3.99
1572,3,3,5,2.5,4.83
1573,1,3,4,2.65,2.69
1574,3,3,3,3.5,3.59
1575,1,3,2,4.21,2.57
1576,1,4,2,3.67,3.95
1577,4,3,4,4.4,4.65
1578,3,3,4,1.46,4.68
1579,4,3,2,4.7,1.63
1580,3,3,3,4.62,1.82
1581,2,4,5,3.08,4.02
1582,3,4,2,3.5,3.52
1583,3,3,4,1.85,4.62
1584,4,3,1,2.79,2.26
1585,3,3,5,1.81,4.39
1586,3,3,1,1.09,3.74
1587,2,3,2,4.92,1.78
1588,3,3,3,2.04,1.51
1589,3,4,2,3.37,3.81
1590,3,3,1,2.2,1.63
1591,3,4,4,2.48,4.18
1592,3,3,1,2.59,3.23
1593,3,3,5,2.34,2.91
1594,3,3,1,3.55,2.1
1595,3,3,2,4.84,4.94
1596,2,3,5,2.71,3.89
1597,3,3,1,4.89,4.11
1598,2,3,1,3.67,4.07
1599,3,3,4,3.43,3.34
1600,2,3,1,1.95,4.76
1601,2,3,5,1.25,3.34
1602,2,3,3,4.41,3.08
1603,3,3,5,3.3,2.09
1604,2,3,2,2.66,2.13
1605,2,4,1,4.25,3.95
1606,3,4,5,2.24,2.34
1607,2,3,4,4.13,3.91
1608,2,3,5,2.31,4.81
1609,3,3,2,4.68,2.76
1610,4,3,3,2.07,1.39
1611,2,4,3,1.55,3.67
1612,3,3,3,3.79,1.04
1613,1,4,2,1.65,4.15
1614,3,3,2,4.8,3.1
1615,3,3,4,3.62,2.96
1616,2,3,1,1.92,3.28
1617,2,3,2,1.84,3.07
1618,3,3,2,4.7,2.3
1619,2,4,1,3.43,2.13
1620,3,3,1,4.57,2.66
1621,3,3,3,1.44,4.58
1622,2,3,1,4.7,1.54
1623,3,4,2,3.08,2.3
1624,3,3,3,3.67,1.77
1625,2,3,5,2.49,2.71
1626,3,3,1,1.24,1.53
1627,2,3,3,4.83,4.04
1628,3,4,1,4.98,1.41
1629,3,3,3,2.46,3.66
1630,2,3,3,4.78,2.07
1631,4,4,4,1.67,2.89
1632,2,3,3,1.62,1.8
1633,3,3,5,1.29,3.92
1634,2,3,1,2.57,4.79
1635,3,3,1,1.21,1.89
1636,3,3,1,2.58,4.81
1637,3,3,2,1.55,2.3
1638,3,3,1,3.92,3.23
1639,3,4,1,4.33,3.81
1640,3,4,2,3.75,1.8
1641,2,3,5,1.8,2.78
1642,2,4,5,4.07,1.27
1643,3,3,1,2.0,3.79
1644,3,3,5,4.04,2.67
1645,4,3,2,3.27,4.57
1646,2,3,3,2.47,2.1
1647,3,3,2,1.33,4.69
1648,2,4,3,4.31,1.56
1649,3,4,4,4.76,3.43
1650,3,3,4,3.66,2.23
1651,1,4,3,4.86,1.73
1652,2,3,4,4.74,1.38
1653,4,4,4,1.78,3.62
1654,2,3,1,3.92,1.93
1655,3,3,2,2.4,3.29
1656,3,3,1,2.95,4.92
1657,3,3,4,1.63,2.26
1658,3,3,3,4.9,1.14
1659,2,3,4,3.9,1.57
1660,2,3,3,2.07,1.48
1661,3,3,2,2.49,2.85
1662,3,3,1,2.69,3.98
1663,2,3,5,3.99,2.19
1664,3,3,2,4.7,1.58
1665,3,4,1,2.29,3.56
1666,3,3,2,2.89,2.2
1667,2,3,5,3.37,3.3
1668,3,3,2,2.57,4.74
1669,3,3,5,3.02,2.17
1670,4,3,3,1.42,3.05
1671,2,3,5,1.67,4.23
1672,2,3,4,2.6,3.77
1673,2,3,1,4.66,4.01
1674,2,3,3,2.4,4.09
1675,2,3,3,2.0,3.16
1676,1,4,2,3.97,3.14
1677,3,3,3,4.8,3.88
1678,3,3,1,2.84,3.79
1679,3,3,4,1.03,3.68
1680,3,3,5,3.75,2.53
1681,3,3,1,2.66,4.31
1682,2,4,3,3.69,1.94
1683,2,3,4,2.11,1.62
1684,3,3,1,1.01,2.38
1685,3,3,2,2.38,2.02
1686,1,3,2,3.82,3.65
1687,2,3,1,2.57,1.92
1688,3,3,5,1.88,3.63
1689,1,3,3,2.86,3.05
1690,3,3,4,4.01,1.61
1691,2,3,3,1.48,2.03
1692,3,4,5,3.77,3.09
1693,3,3,5,3.67,3.93
1694,3,3,4,2.48,2.59
1695,2,3,2,4.88,1.93
1696,3,3,3,4.58,2.18
1697,3,3,5,2.26,1.38
1698,3,3,3,1.12,1.1
1699,3,3,3,2.23,4.89
1700,1,3,1,1.82,1.39
1701,3,3,5,3.19,1.5
1702,3,3,4,4.67,4.48
1703,4,3,2,4.48,3.65
1704,3,3,3,2.22,2.74
1705,4,3,3,2.71,3.6
1706,4,4,1,1.15,4.74
1707,2,4,5,3.18,1.4
1708,3,3,5,1.25,1.97
1709,1,3,5,4.75,4.44
1710,3,3,2,4.47,4.12
1711,2,3,2,1.86,4.98
1712,3,3,1,3.8,2.26
1713,3,3,4,3.27,4.78
1714,3,3,2,4.21,2.37
1715,2,3,5,2.9,3.86
1716,3,3,5,1.77,4.53
1717,3,3,1,3.56,1.68
1718,4,3,5,1.32,1.82
1719,2,3,1,3.34,3.32
1720,3,3,3,1.85,4.38
1721,3,3,3,3.74,1.32
1722,3,4,5,4.31,4.4
1723,2,3,4,1.44,2.37
1724,2,3,5,2.6,2.62
1725,1,3,3,3.93,2.36
1726,2,3,5,1.65,4.65
1727,3,3,5,3.27,1.52
1728,4,3,5,3.69,3.3
1729,3,3,3,2.42,1.59
1730,3,3,2,4.33,4.71
1731,2,4,5,3.04,4.19
1732,2,3,4,3.51,1.94
1733,4,3,5,1.56,2.19
1734,3,3,3,1.09,2.53
1735,4,3,5,1.2,2.62
1736,4,3,4,4.62,4.27
1737,3,4,4,4.53,3.26
1738,1,3,1,4.23,2.71
1739,3,3,3,1.8,3.88
1740,1,3,4,3.1,2.83
1741,2,3,4,4.18,1.51
1742,2,3,5,3.7,1.43
1743,2,4,2,1.46,2.3
1744,3,3,2,4.58,3.41
1745,3,3,5,1.64,1.54
1746,3,3,5,1.69,3.2
1747,3,3,1,4.6,2.08
1748,3,4,2,2.94,3.78
1749,4,4,5,2.49,1.11
1750,2,3,1,3.21,2.88
1751,3,3,4,4.93,1.21
1752,4,4,1,1.48,2.32
1753,2,3,1,4.03,1.06
1754,3,3,4,2.34,2.88
1755,3,3,4,1.47,4.07
1756,2,3,3,2.69,1.4
1757,2,4,5,3.2,3.94
1758,3,3,2,1.82,3.34
1759,3,3,3,2.62,3.02
1760,3,4,4,3.54,3.4
1761,3,3,4,3.31,2.34
1762,4,3,2,3.89,3.84
1763,3,3,4,4.35,4.12
1764,2,3,3,2.64,4.11
1765,3,3,3,2.69,2.08
1766,3,3,5,2.99,3.62
1767,3,3,2,3.27,1.59
1768,2,3,4,1.43,2.98
1769,3,3,5,2.25,1.01
1770,3,3,4,1.69,1.77
1771,1,3,5,2.54,3.53
1772,3,3,3,4.89,4.5
1773,2,3,2,3.33,1.2
1774,3,3,5,2.72,3.23
1775,3,3,4,3.26,3.55
1776,3,3,2,3.68,4.73
1777,3,3,2,2.74,3.62
1778,1,3,2,2.79,1.41
1779,3,3,5,3.81,1.59
1780,3,3,1,1.24,3.54
1781,3,3,4,3.16,1.86
1782,1,3,3,3.19,4.71
1783,3,3,1,4.03,4.68
1784,3,3,4,4.93,4.79
1785,3,3,4,4.18,2.17
1786,3,3,4,3.02,3.87
1787,3,3,3,1.68,3.65
1788,3,3,2,3.35,1.14
1789,3,3,1,4.34,2.06
1790,3,3,1,4.73,1.83
1791,3,3,2,4.3,2.48
1792,3,3,4,1.76,4.81
1793,2,3,1,3.85,4.38
1794,3,3,5,4.52,2.17
1795,4,3,3,3.72,3.12
1796,3,4,2,3.74,1.77
1797,4,3,5,3.0,2.11
1798,2,3,1,3.55,1.26
1799,3,3,5,2.18,3.57
1800,2,3,2,1.36,3.63
1801,1,3,2,4.31,4.35
1802,4,3,3,4.77,4.49
1803,3,3,5,4.43,1.64
1804,2,3,2,2.34,3.97
1805,4,3,5,1.37,1.54
1806,3,4,2,2.12,2.49
1807,2,3,2,4.37,3.06
1808,3,3,4,3.62,1.2
1809,4,3,4,4.87,1.63
1810,3,3,2,2.37,2.08
1811,2,3,1,3.21,1.51
1812,3,3,2,4.16,4.74
1813,2,3,3,1.94,2.15
1814,3,3,1,4.86,3.0
1815,3,3,1,3.37,4.99
1816,3,3,5,1.03,3.27
1817,3,3,1,1.1,2.65
1818,3,3,3,4.53,4.72
1819,3,3,4,3.58,1.89
1820,4,3,2,4.05,1.72
1821,4,3,3,4.14,3.14
1822,2,3,1,2.68,2.71
1823,2,4,4,4.19,4.19
1824,3,3,4,4.75,1.17
1825,2,3,5,1.69,3.47
1826,3,3,5,4.06,3.84
1827,3,4,2,2.23,4.89
1828,3,3,1,2.29,1.58
1829,3,3,2,2.65,1.98
1830,3,3,1,4.45,4.73
1831,4,3,3,1.09,3.52
1832,2,3,1,2.74,1.15
1833,2,4,5,3.72,1.31
1834,3,3,4,1.44,4.14
1835,3,4,2,4.17,3.27
1836,3,3,5,4.77,3.26
1837,4,3,4,1.36,4.52
1838,3,3,3,1.61,1.96
1839,1,3,1,4.9,1.64
1840,3,3,2,1.79,3.46
1841,3,3,3,1.32,4.53
1842,3,3,4,4.81,2.06
1843,2,3,2,4.57,3.73
1844,3,3,4,3.62,1.61
1845,2,3,2,3.21,1.69
1846,2,4,2,4.68,4.61
1847,3,3,3,3.62,1.47
1848,2,3,1,3.63,1.1
1849,4,3,3,4.37,4.1
1850,3,3,2,3.61,2.45
1851,3,3,2,3.01,2.59
1852,3,3,4,2.56,4.2
1853,3,4,2,3.01,1.72
1854,2,3,4,3.09,3.6
1855,4,3,4,2.44,2.25
1856,3,4,4,2.79,1.42
1857,3,3,2,4.21,3.75
1858,3,3,5,2.67,2.27
1859,2,3,2,1.1,4.47
1860,4,3,2,2.13,4.68
1861,1,3,5,1.93,4.4
1862,4,4,2,4.17,2.29
1863,3,3,4,2.8,1.95
1864,3,3,1,2.12,4.57
1865,3,3,4,4.24,2.81
1866,3,4,5,1.08,3.83
1867,2,3,4,1.7,4.31
1868,3,3,3,4.31,2.11
1869,2,3,5,3.2,1.48
1870,4,3,2,4.09,3.5
1871,3,3,2,4.35,3.36
1872,3,3,1,4.77,2.08
1873,3,3,4,1.25,3.34
1874,3,3,4,4.2,4.16
1875,1,3,4,3.84,2.4
1876,3,3,4,1.83,1.97
1877,3,3,1,4.73,3.9
1878,3,4,4,2.62,4.14
1879,3,3,4,4.55,4.82
1880,4,3,2,3.42,1.59
1881,3,4,3,3.11,4.56
1882,3,3,5,1.64,4.06
1883,3,3,3,4.66,3.81
1884,3,3,4,3.23,2.25
1885,2,3,3,1.02,1.09
1886,3,3,4,1.07,3.03
1887,3,4,4,4.11,2.14
1888,3,3,4,1.65,2.16
1889,3,4,4,3.39,4.71
1890,2,3,5,3.72,1.61
1891,3,3,2,2.12,4.74
1892,3,3,5,3.28,3.02
1893,2,3,4,1.96,4.35
1894,3,3,3,4.79,2.13
1895,2,3,2,4.44,3.54
1896,2,3,3,2.15,3.23
1897,3,3,4,3.12,4.7
1898,2,3,2,3.0,1.72
1899,3,3,2,4.84,1.82
1900,1,3,5,2.58,4.8
1901,3,3,3,3.25,1.39
1902,3,3,4,4.71,3.54
1903,3,3,1,1.65,1.24
1904,2,3,1,3.2,1.31
1905,3,4,5,1.42,3.39
1906,3,3,1,3.47,3.21
1907,3,3,4,2.46,3.29
1908,2,3,5,4.87,2.89
1909,3,3,3,2.66,3.97
1910,3,3,5,1.54,4.97
1911,2,3,3,4.34,2.1
1912,3,3,5,4.28,2.29
1913,1,3,2,3.78,2.29
1914,3,3,3,4.0,4.05
1915,2,3,2,2.06,2.39
1916,3,4,4,3.57,3.71
1917,1,3,1,1.15,2.78
1918,2,3,5,1.79,3.43
1919,3,3,1,4.73,4.32
1920,3,3,2,3.96,3.06
1921,3,3,3,1.92,2.9
1922,3,4,1,1.45,2.07
1923,3,3,3,4.8,3.06
1924,2,3,5,1.45,2.05
1925,3,3,5,2.03,4.37
1926,3,3,1,1.73,2.56
1927,2,4,3,1.03,1.52
1928,2,3,3,2.26,1.96
1929,3,3,1,4.9,3.14
1930,3,3,4,2.37,4.67
1931,4,3,3,3.02,2.2
1932,3,3,4,3.98,2.06
1933,2,3,2,3.2,2.63
1934,3,3,2,3.97,4.87
1935,2,3,4,3.65,4.38
1936,3,3,4,3.43,1.6
1937,3,3,1,3.6,3.46
1938,2,3,2,4.2,4.17
1939,3,3,3,3.84,4.07
1940,3,3,5,4.17,2.96
1941,3,3,2,1.58,3.93
1942,3,3,2,3.71,3.33
1943,2,3,5,3.95,1.81
1944,3,3,4,2.2,1.22
1945,3,3,5,4.5,2.48
1946,3,4,4,2.22,1.25
1947,3,4,5,1.98,2.58
1948,3,3,1,4.47,4.32
1949,3,3,2,1.99,4.38
1950,3,3,2,2.66,1.14
1951,4,3,1,2.47,1.28
1952,3,3,4,4.59,3.68
1953,3,3,4,2.82,3.0
1954,4,3,1,3.78,1.6
1955,4,4,1,4.18,4.22
1956,2,3,1,3.51,1.87
1957,4,3,3,4.77,1.31
1958,2,3,3,4.21,4.0
1959,3,3,2,2.6,3.43
1960,4,3,5,4.8,2.58
1961,2,3,2,3.1,3.77
1962,4,3,3,1.09,4.65
1963,3,3,3,2.04,1.14
1964,2,3,2,3.49,3.51
1965,3,3,5,1.63,1.87
1966,4,3,5,3.34,2.9
1967,3,3,1,2.45,2.7
1968,2,3,3,3.14,2.56
1969,1,4,1,1.01,1.76
1970,2,3,3,4.39,4.21
1971,3,3,4,2.45,2.52
1972,3,4,3,1.56,4.55
1973,4,4,2,2.75,2.42
1974,3,3,2,2.94,4.36
1975,3,3,2,3.55,3.18
1976,2,3,2,3.1,2.54
1977,4,3,2,1.17,3.82
1978,1,3,4,4.49,4.15
1979,3,3,1,2.83,2.93
1980,3,4,1,1.31,2.7
1981,3,3,3,4.09,3.31
1982,2,3,4,3.64,3.34
1983,2,3,2,3.6,2.7
1984,3,3,2,2.71,4.03
1985,3,3,4,2.64,2.6
1986,3,3,2,3.15,2.81
1987,2,3,4,1.2,3.42
1988,2,4,1,2.2,4.95
1989,2,4,1,4.95,2.04
1990,3,3,3,3.65,1.93
1991,3,3,2,2.68,1.71
1992,3,4,4,1.89,3.76
1993,2,3,3,3.98,2.8
1994,1,3,2,2.04,2.55
1995,3,3,1,1.65,1.82
1996,4,3,1,1.62,4.56
1997,3,3,4,3.92,2.77
1998,3,3,2,3.57,3.43
1999,2,3,3,1.28,1.45
2000,3,3,5,1.46,1.43
2001,4,3,5,3.54,1.27
2002,3,3,2,3.28,2.47
2003,3,3,1,3.74,2.89
2004,2,4,4,1.71,1.98
2005,3,3,4,3.91,2.4
2006,3,3,2,4.74,1.03
2007,3,3,3,3.4,2.4
2008,2,4,1,1.78,1.48
2009,2,3,4,3.72,1.51
2010,4,3,4,2.37,1.02
2011,3,3,2,1.2,3.79
2012,2,3,3,2.21,4.73
2013,3,3,2,4.62,3.49
2014,3,3,1,2.64,1.38
2015,2,3,1,4.46,4.96
2016,3,4,5,3.03,4.9
2017,3,3,3,3.07,2.87
2018,3,3,1,1.02,1.43
2019,3,3,1,3.55,3.88
2020,2,3,2,1.43,4.85
2021,4,3,5,2.91,4.11
2022,3,3,2,2.04,3.5
2023,3,3,5,2.57,3.44
2024,3,4,3,3.15,4.91
2025,3,3,4,1.06,1.29
2026,3,3,4,2.14,1.6
2027,3,3,1,4.96,4.32
2028,2,3,1,1.23,1.58
2029,3,3,5,2.28,2.53
2030,4,3,5,2.29,2.13
2031,3,3,1,2.52,1.97
2032,3,3,4,3.74,1.1
2033,3,3,5,1.99,3.27
2034,2,4,5,2.84,2.6
2035,2,3,2,3.58,3.21
2036,1,3,5,2.29,2.22
2037,4,3,4,4.8,4.77
2038,1,4,5,4.92,3.37
2039,2,3,1,1.48,4.84
2040,3,3,4,2.38,2.4
2041,4,3,1,1.83,1.01
2042,2,3,2,1.75,4.13
2043,3,3,1,2.96,4.31
2044,4,3,3,3.26,1.23
2045,3,3,5,2.7,3.5
2046,3,3,4,2.09,3.64
2047,3,3,2,2.11,1.58
2048,2,3,3,4.97,3.21
2049,1,3,2,4.69,1.97
2050,1,3,4,1.3,1.07
2051,1,3,2,3.63,4.47
2052,2,4,1,2.83,2.97
2053,3,4,3,3.76,4.13
2054,3,3,5,3.39,3.89
2055,1,3,3,4.56,4.97
2056,3,4,2,1.27,2.75
2057,3,3,1,2.4,2.71
2058,3,4,5,4.94,2.13
2059,3,3,4,1.73,3.5
2060,3,3,1,1.51,2.94
2061,3,3,1,3.92,3.92
2062,3,3,1,4.11,2.43
2063,2,3,2,3.69,1.52
2064,1,3,5,4.1,4.45
2065,3,4,1,3.77,4.31
2066,3,3,5,1.54,2.4
2067,3,3,1,3.43,3.76
2068,1,3,4,4.11,2.97
2069,3,3,2,4.46,4.04
2070,1,3,5,1.98,2.56
2071,2,3,3,1.51,3.14
2072,3,3,2,4.12,1.23
2073,2,4,2,2.03,1.7
2074,3,3,5,1.13,4.13
2075,3,3,3,4.3,2.53
2076,1,3,2,3.02,1.14
2077,4,3,4,2.31,1.67
2078,2,3,3,1.05,2.65
2079,4,3,4,1.14,3.87
2080,3,4,3,4.17,2.45
2081,3,3,1,2.96,3.98
2082,3,4,1,1.6,4.43
2083,2,4,1,2.43,2.36
2084,3,3,3,1.66,4.2
2085,2,3,3,1.45,1.51
2086,4,3,4,2.11,2.66
2087,3,3,5,3.2,1.39
2088,1,3,1,1.84,1.21
2089,2,3,5,2.37,1.26
2090,3,4,5,2.91,1.42
2091,2,3,4,2.68,4.34
2092,3,3,3,1.51,3.17
2093,3,3,1,1.16,4.79
2094,3,3,1,1.14,3.15
2095,2,3,1,2.4,3.51
2096,3,3,4,3.88,1.74
2097,1,3,3,1.53,3.16
2098,3,4,1,4.15,2.54
2099,2,3,1,3.86,4.73
2100,3,3,1,1.02,4.74
2101,2,4,4,1.11,1.79
2102,3,4,4,1.78,3.48
2103,2,3,4,1.22,3.55
2104,3,4,1,3.13,3.25
2105,3,3,1,1.16,1.5
2106,3,4,1,4.21,3.62
2107,3,3,4,2.97,4.2
2108,3,3,4,3.91,2.38
2109,4,3,2,4.0,3.06
2110,3,3,1,3.03,1.47
2111,3,3,2,4.7,4.72
2112,2,3,5,4.96,1.44
2113,3,3,1,2.44,1.83
2114,4,3,4,1.5,2.19
2115,3,3,3,2.45,4.3
2116,3,3,1,1.89,3.8
2117,3,3,5,3.12,1.03
2118,3,3,3,2.51,1.73
2119,3,3,4,2.92,4.0
2120,3,3,1,4.05,2.62
2121,4,3,2,2.1,1.1
2122,3,4,4,3.15,4.86
2123,3,3,4,2.34,1.6
2124,3,3,1,4.14,3.04
2125,3,3,4,3.56,1.99
2126,3,3,5,1.03,3.95
2127,4,4,4,3.64,4.11
2128,3,3,2,1.68,2.59
2129,1,3,5,3.9,3.63
2130,2,3,4,3.27,4.64
2131,3,3,1,2.61,4.26
2132,3,4,1,3.78,2.66
2133,3,3,5,4.43,2.77
2134,3,3,2,4.11,4.55
2135,1,3,1,3.18,1.14
2136,3,3,3,3.89,1.09
2137,3,3,3,2.66,1.82
2138,3,3,3,4.16,4.31
2139,4,3,4,4.32,1.61
2140,2,4,5,1.55,2.14
2141,3,3,4,1.95,3.52
2142,3,3,1,2.08,1.74
2143,3,3,1,1.66,2.21
2144,3,3,1,2.57,2.87
2145,3,3,2,1.77,1.91
2146,3,3,2,3.38,4.97
2147,3,4,5,1.41,1.65
2148,3,3,2,2.08,4.4
2149,3,3,1,3.66,2.88
2150,3,3,5,2.59,1.52
2151,1,3,2,2.69,1.47
2152,3,3,5,4.19,3.0
2153,2,4,4,4.94,2.41
2154,4,3,5,3.26,1.94
2155,2,3,5,1.32,4.84
2156,2,3,1,1.41,2.85
2157,2,3,4,4.87,4.72
2158,2,4,3,3.72,1.66
2159,2,3,4,4.01,1.73
2160,3,3,4,3.7,3.38
2161,2,3,3,1.72,2.08
2162,3,3,2,2.79,1.74
2163,2,3,5,4.19,1.38
2164,3,3,4,4.47,1.31
2165,3,3,5,1.95,4.01
2166,3,3,2,3.38,2.13
2167,2,3,5,1.63,4.91
2168,3,3,2,4.83,1.73
2169,3,3,3,2.01,2.42
2170,3,3,5,3.91,2.5
2171,3,4,2,1.92,3.0
2172,2,3,2,3.46,4.48
2173,2,3,5,3.64,4.34
2174,2,3,5,2.31,1.04
2175,3,3,2,4.28,2.64
2176,2,3,2,4.54,4.31
2177,4,3,2,4.42,1.0
2178,3,3,1,2.32,3.13
2179,4,3,3,3.98,2.04
2180,1,4,2,3.24,2.65
2181,3,3,5,3.37,2.68
2182,2,4,1,2.91,2.57
2183,3,3,4,3.4,4.57
2184,3,3,3,1.54,3.15
2185,3,4,4,2.64,4.61
2186,2,3,1,1.71,3.91
2187,4,3,3,2.12,2.4
2188,4,3,4,1.51,2.97
2189,3,3,2,1.85,2.56
2190,3,3,5,4.13,4.31
2191,2,3,3,3.2,1.75
2192,4,3,2,1.09,4.75
2193,1,3,1,4.15,3.32
2194,3,3,1,4.64,3.45
2195,2,3,3,4.52,3.07
2196,3,4,3,4.29,3.22
2197,3,3,5,4.97,3.67
2198,2,3,4,3.35,3.62
2199,3,3,1,4.85,1.86
2200,2,3,3,4.8,3.33
2201,3,3,3,2.25,2.42
2202,4,3,1,4.45,3.55
2203,3,3,4,4.17,3.19
2204,3,3,3,4.1,1.72
2205,3,3,1,4.59,3.94
2206,2,3,3,2.54,2.83
2207,3,3,4,2.6,3.21
2208,3,3,2,3.56,3.69
2209,3,3,2,3.95,3.61
2210,4,3,1,4.52,4.0
2211,3,4,2,4.5,1.83
2212,3,3,5,3.89,1.44
2213,3,3,4,4.83,3.68
2214,3,3,1,1.71,1.94
2215,3,3,3,4.8,1.46
2216,1,3,1,1.26,1.52
2217,2,4,3,3.22,2.25
2218,2,3,1,1.36,4.97
2219,3,3,4,3.27,1.63
2220,3,3,3,2.56,2.19
2221,2,3,4,1.33,4.68
2222,3,3,3,3.59,4.85
2223,3,3,2,3.92,1.92
2224,3,3,2,1.7,4.52
2225,3,3,2,3.78,1.56
2226,3,3,3,1.72,4.05
2227,3,3,3,1.55,1.05
2228,4,3,4,1.59,2.63
2229,1,3,1,3.4,1.99
2230,3,3,2,4.12,3.82
2231,2,3,5,3.39,1.06
2232,3,3,5,4.24,2.86
2233,3,3,5,3.37,3.79
2234,2,3,2,4.19,1.19
2235,3,4,1,4.91,4.59
2236,3,3,1,2.56,2.44
2237,3,3,1,1.6,1.66
2238,3,3,5,1.54,1.9
2239,3,3,5,3.39,2.36
2240,3,3,5,3.19,1.79
2241,3,3,4,1.74,3.04
2242,2,3,2,4.53,3.53
2243,3,3,3,4.83,2.73
2244,3,3,5,2.01,2.71
2245,2,3,5,1.83,4.13
2246,3,3,3,1.86,2.2
2247,3,3,5,2.55,3.49
2248,3,3,2,4.41,4.57
2249,3,4,3,3.38,1.89
2250,3,3,5,1.27,3.48
2251,3,3,2,2.89,4.79
2252,3,3,4,1.36,3.12
2253,2,3,3,2.62,4.91
2254,3,3,2,2.61,2.24
2255,2,3,2,3.59,3.26
2256,3,4,4,3.2,2.24
2257,1,3,3,4.5,1.01
2258,3,3,2,1.07,4.99
2259,4,3,4,4.1,1.96
2260,3,3,1,1.09,4.89
2261,3,3,1,2.22,3.61
2262,3,4,5,4.52,4.62
2263,3,4,4,3.76,4.87
2264,3,3,3,1.69,3.27
2265,3,3,1,2.96,5.0
2266,2,3,3,3.89,4.07
2267,3,3,3,4.75,3.1
2268,3,4,3,3.54,3.62
2269,3,4,1,1.1,1.78
2270,3,3,3,3.0,1.04
2271,3,3,3,1.61,2.03
2272,2,3,2,1.19,2.74
2273,2,3,1,3.39,1.91
2274,1,3,5,4.11,3.06
2275,2,4,4,1.14,3.63
2276,3,3,4,4.13,3.62
2277,3,3,4,3.83,4.58
2278,3,3,4,4.01,4.87
2279,3,4,1,1.98,4.56
2280,2,3,3,2.57,3.48
2281,3,3,5,1.48,1.82
2282,2,3,2,1.96,4.77
2283,3,3,5,2.21,1.7
2284,3,3,1,2.28,1.61
2285,1,3,2,1.7,2.27
2286,2,3,2,1.75,3.29
2287,2,3,4,4.61,3.73
2288,2,4,1,4.14,1.05
2289,2,3,2,2.38,4.11
2290,3,3,4,4.79,1.7
2291,2,3,2,1.96,2.19
2292,4,3,5,2.63,2.29
2293,2,3,5,4.25,2.33
2294,4,3,2,2.77,4.04
2295,2,3,3,1.94,1.16
2296,4,3,2,2.47,1.79
2297,3,3,2,3.0,1.09
2298,2,3,4,3.48,4.11
2299,2,3,2,2.62,4.93
2300,3,3,1,2.73,3.64
2301,3,3,2,2.06,3.36
2302,3,3,5,3.14,4.63
2303,4,3,2,1.88,2.02
2304,3,3,2,4.47,1.27
2305,2,4,4,3.99,3.04
2306,3,3,1,2.64,2.04
2307,4,3,2,3.99,2.8
2308,2,3,1,1.03,2.83
2309,3,3,5,2.38,2.28
2310,3,3,5,2.76,2.95
2311,2,3,4,2.88,2.52
2312,4,4,2,3.99,1.45
2313,4,3,4,4.85,4.47
2314,4,4,4,2.52,3.81
2315,2,3,5,2.4,1.17
2316,3,3,1,3.44,1.46
2317,4,3,4,2.13,1.39
2318,2,4,1,1.57,1.25
2319,3,3,3,4.85,1.24
2320,3,3,5,4.24,1.63
2321,3,3,1,4.83,4.39
2322,3,3,1,1.87,4.31
2323,1,3,5,1.07,4.13
2324,3,4,1,2.75,3.46
2325,2,3,4,4.73,3.89
2326,3,3,3,1.55,3.95
2327,3,3,2,1.47,4.56
2328,3,3,5,1.28,3.93
2329,2,3,5,4.06,3.95
2330,3,3,2,4.14,4.22
2331,3,3,1,3.78,3.23
2332,4,4,1,1.21,1.85
2333,2,3,1,3.89,1.34
2334,3,3,5,2.79,2.68
2335,2,3,3,1.63,1.37
2336,4,3,4,2.18,1.68
2337,3,3,2,3.0,1.1
2338,3,4,5,2.32,2.2
2339,1,3,4,4.88,4.88
2340,3,3,4,2.9,2.52
2341,3,3,3,2.49,1.96
2342,3,3,4,3.69,2.61
2343,3,3,3,3.6,2.21
2344,3,3,2,1.01,3.7
2345,3,3,3,3.47,3.54
2346,4,4,2,1.98,1.11
2347,2,3,5,2.5,3.05
2348,3,3,4,3.83,1.14
2349,3,3,4,3.23,3.71
2350,2,3,4,2.47,4.74
2351,2,4,3,1.67,4.63
2352,3,3,5,3.02,1.82
2353,3,4,2,2.28,3.97
2354,3,3,3,4.65,4.17
2355,3,3,1,3.14,4.46
2356,2,3,2,4.46,2.04
2357,3,4,3,2.56,2.8
2358,3,3,3,4.31,1.89
2359,2,3,5,1.23,1.1
2360,3,3,4,2.19,3.64
2361,3,3,3,1.31,2.73
2362,3,3,3,1.13,1.99
2363,2,4,4,4.68,4.39
2364,3,3,4,3.87,2.98
2365,3,3,2,3.5,4.98
2366,2,3,3,3.13,4.17
2367,2,3,3,3.28,4.48
2368,3,3,1,3.55,4.09
2369,3,3,5,4.31,1.42
2370,3,3,3,3.39,1.26
2371,4,3,2,3.99,4.66
2372,3,3,4,2.12,1.55
2373,2,3,4,4.91,2.56
2374,3,3,5,1.13,3.44
2375,3,3,1,2.55,1.85
2376,3,3,3,4.53,1.9
2377,2,3,1,1.72,2.86
2378,2,3,3,1.57,2.44
2379,3,3,3,2.46,3.71
2380,1,3,3,2.71,1.3
2381,3,4,5,4.73,2.96
2382,1,3,3,4.34,1.7
2383,3,4,3,2.86,3.43
2384,3,3,1,4.89,1.46
2385,2,3,2,3.57,1.79
2386,2,4,5,4.49,4.22
2387,2,3,3,1.98,1.94
2388,3,3,5,2.96,3.95
2389,2,4,3,1.12,2.09
2390,2,3,3,1.04,1.94
2391,3,3,3,3.82,2.2
2392,3,3,3,1.47,4.52
2393,3,3,1,3.19,2.59
2394,3,3,1,3.78,1.98
2395,3,3,3,1.13,3.15
2396,3,3,3,2.79,2.54
2397,3,3,3,3.74,4.16
2398,3,3,3,4.56,4.96
2399,2,3,2,2.2,3.11
2400,3,3,4,4.9,2.81
2401,2,3,4,4.38,2.37
2402,2,3,1,3.6,4.89
2403,3,3,3,2.57,2.93
2404,2,3,4,3.84,1.71
2405,2,3,4,4.26,4.88
2406,3,3,2,2.21,4.84
2407,2,4,5,4.97,2.74
2408,1,3,4,4.63,2.39
2409,4,3,3,2.94,3.72
2410,3,3,4,3.89,4.32
2411,2,3,5,3.1,2.99
2412,3,3,2,4.04,2.32
2413,2,3,1,4.31,2.21
2414,3,3,3,1.09,2.31
2415,3,3,1,1.32,1.47
2416,3,3,5,2.35,4.11
2417,1,3,5,4.67,1.42
2418,3,3,4,2.59,2.59
2419,3,4,5,4.55,4.34
2420,3,3,1,2.85,2.62
2421,1,3,4,2.16,2.18
2422,2,3,3,4.6,4.79
2423,3,3,2,3.24,1.51
2424,3,3,2,2.44,4.54
2425,3,3,3,1.18,1.25
2426,3,3,4,1.44,2.65
2427,4,3,1,1.56,3.53
2428,3,3,4,2.46,2.48
2429,1,3,5,3.43,3.14
2430,3,3,1,2.23,1.82
2431,3,3,5,1.26,3.28
2432,3,3,4,2.06,1.54
2433,1,3,2,2.63,4.18
2434,2,3,4,4.97,3.34
2435,2,3,4,2.57,2.93
2436,3,3,4,1.36,1.22
2437,3,3,1,3.32,3.0
2438,3,4,1,4.68,3.25
2439,3,3,4,4.15,2.06
2440,3,3,2,4.34,3.71
2441,1,3,2,4.71,1.31
2442,3,3,3,3.55,1.83
2443,2,3,4,4.98,3.95
2444,2,3,1,1.13,1.59
2445,3,4,5,4.34,1.98
2446,3,3,3,4.43,3.6
2447,3,3,1,4.67,3.92
2448,3,4,1,2.91,1.21
2449,3,4,5,4.15,1.51
2450,3,3,1,1.78,2.78
2451,3,3,3,3.41,3.37
2452,3,3,4,2.43,2.82
2453,2,3,3,3.38,3.59
2454,2,3,2,3.7,4.02
2455,2,3,1,2.39,4.8
2456,3,3,4,1.86,2.4
2457,3,3,3,2.29,1.65
2458,3,3,1,3.66,2.06
2459,3,3,1,3.71,1.59
2460,4,3,3,3.97,2.58
2461,2,3,1,1.51,4.49
2462,3,3,2,4.27,2.39
2463,3,4,1,3.75,1.6
2464,3,3,4,1.12,3.09
2465,2,3,4,2.34,4.97
2466,3,3,4,2.87,1.75
2467,3,3,1,2.44,4.11
2468,1,3,2,1.47,4.29
2469,3,3,2,1.83,2.61
2470,3,3,4,1.1,3.48
2471,3,3,5,1.37,2.73
2472,3,3,2,2.07,2.05
2473,3,3,4,4.28,2.7
2474,2,3,3,3.11,1.38
2475,3,3,5,2.7,3.83
2476,3,3,1,3.65,4.32
2477,3,4,5,3.17,2.23
2478,3,3,3,1.53,3.27
2479,3,3,2,1.89,1.93
2480,2,4,1,1.89,1.51
2481,4,3,5,3.4,3.65
2482,3,3,5,2.85,1.54
2483,3,3,1,2.55,4.13
2484,4,3,3,3.23,2.09
2485,2,3,4,4.88,4.27
2486,3,3,3,2.26,2.47
2487,2,3,1,3.08,2.48
2488,3,3,2,2.92,4.0
2489,2,3,2,3.87,3.04
2490,4,3,2,3.92,1.8
2491,2,3,5,3.92,4.4
2492,4,3,2,1.81,2.36
2493,3,3,4,2.8,1.41
2494,3,4,5,4.24,2.66
2495,3,3,4,2.53,3.3
2496,3,3,4,4.94,3.44
2497,2,3,1,2.46,4.34
2498,3,3,1,2.99,3.17
2499,3,3,4,2.9,1.89
2500,3,3,4,2.73,2.05
2501,3,3,4,4.38,1.4
2502,3,3,3,1.62,3.94
2503,4,4,3,3.27,1.42
2504,3,3,1,3.47,3.42
2505,2,3,2,4.4,3.39
2506,3,3,3,3.44,4.14
2507,1,3,1,4.84,1.3
2508,2,3,1,4.49,1.81
2509,3,3,1,2.39,4.64
2510,2,3,2,4.44,3.29
2511,3,3,5,4.83,2.83
2512,3,3,4,2.03,3.99
2513,2,3,5,3.44,4.61
2514,3,3,2,2.13,2.05
2515,2,3,3,3.6,4.61
2516,3,3,5,1.37,1.43
2517,3,3,2,3.94,4.91
2518,2,3,4,2.68,1.66
2519,3,3,4,3.35,2.06
2520,3,3,5,1.1,1.39
2521,1,3,5,3.78,4.21
2522,2,3,4,2.98,4.94
2523,3,3,3,3.5,2.19
2524,3,4,5,2.26,2.3
2525,3,3,4,1.58,2.12
2526,2,3,2,2.74,1.62
2527,2,3,4,4.78,4.15
2528,3,3,3,1.91,1.24
2529,3,4,2,3.7,4.87
2530,3,3,3,1.2,4.71
2531,3,3,4,3.87,1.47
2532,3,3,5,1.95,3.12
2533,3,3,3,2.81,4.97
2534,2,3,1,2.47,4.41
2535,3,4,5,1.45,3.86
2536,2,3,3,2.38,1.09
2537,3,3,2,2.4,1.27
2538,3,3,4,3.09,4.18
2539,3,3,2,4.89,2.51
2540,3,3,2,2.88,3.67
2541,4,3,5,4.66,3.96
2542,3,4,5,2.85,2.69
2543,2,3,3,1.43,1.57
2544,2,3,2,1.92,2.55
2545,2,3,5,2.63,4.48
2546,4,4,1,2.3,2.32
2547,3,4,4,4.46,1.25
2548,3,3,3,3.71,4.84
2549,3,3,5,3.31,3.72
2550,4,3,3,2.96,3.16
2551,3,3,5,2.59,4.32
2552,3,3,1,3.45,2.64
2553,2,3,4,1.5,4.94
2554,3,3,1,1.65,4.43
2555,3,3,4,2.21,2.12
2556,2,3,1,1.68,2.48
2557,4,3,5,3.71,2.1
2558,2,4,4,1.1,3.64
2559,2,3,1,1.64,3.56
2560,1,3,5,4.61,3.09
2561,3,3,2,4.99,4.86
2562,2,3,3,2.95,2.89
2563,2,4,1,2.98,4.13
2564,4,3,1,4.09,3.63
2565,3,3,2,1.14,3.07
2566,3,3,3,2.71,1.17
2567,3,4,3,1.4,3.63
2568,3,3,5,2.6,3.57
2569,3,3,1,4.94,1.5
2570,3,3,4,4.01,4.18
2571,2,4,1,4.94,2.87
2572,3,3,2,3.98,2.3
2573,4,4,1,3.43,4.3
2574,4,3,1,4.02,2.37
2575,3,3,3,3.64,3.49
2576,3,3,5,2.86,3.47
2577,3,3,4,2.17,1.21
2578,3,3,5,3.08,2.69
2579,3,3,3,2.03,1.89
2580,3,3,1,2.95,1.8
2581,3,3,2,1.58,3.62
2582,3,3,5,3.26,1.05
2583,3,3,1,1.98,4.88
2584,3,3,1,2.17,2.58
2585,3,3,5,3.0,2.2
2586,3,3,1,1.65,4.68
2587,3,4,5,4.85,2.95
2588,3,3,4,2.79,3.46
2589,3,4,4,2.41,3.78
2590,2,3,3,1.12,4.49
2591,3,3,1,4.37,1.52
2592,3,3,3,3.5,1.33
2593,3,3,5,2.67,4.97
2594,3,3,5,1.98,1.04
2595,4,3,3,3.98,3.83
2596,1,3,5,4.78,3.44
2597,3,3,4,2.52,3.21
2598,2,3,1,1.54,4.14
2599,4,3,4,1.44,4.97
2600,4,4,4,1.03,1.19
2601,4,3,3,3.98,3.46
2602,3,3,4,4.93,3.87
2603,2,3,5,4.97,2.22
2604,2,3,3,4.14,4.57
2605,1,3,2,1.65,2.83
2606,3,3,5,4.91,1.66
2607,2,3,5,2.31,4.42
2608,3,3,4,2.33,4.77
2609,3,3,4,3.75,1.4
2610,3,3,1,1.2,4.01
2611,3,3,3,4.3,1.86
2612,3,3,1,4.99,1.03
2613,2,3,3,4.1,2.04
2614,2,3,5,4.13,4.42
2615,3,3,2,2.56,1.56
2616,2,3,5,1.26,1.52
2617,3,3,1,4.17,3.96
2618,3,3,1,3.39,2.63
2619,4,3,5,4.64,1.59
2620,1,3,1,1.46,1.92
2621,3,3,4,2.22,4.18
2622,2,4,4,2.44,3.49
2623,2,3,2,3.73,4.04
2624,3,3,1,4.15,1.39
2625,2,3,2,4.84,2.83
2626,3,3,1,2.18,4.19
2627,2,3,4,2.97,2.06
2628,3,3,5,1.12,1.68
2629,3,3,5,2.01,2.53
2630,3,3,5,2.5,2.33
2631,3,3,4,3.38,1.74
2632,1,3,5,2.88,4.82
2633,1,3,4,2.46,2.93
2634,2,3,4,3.5,3.43
2635,2,3,5,4.31,1.48
2636,3,3,2,1.97,3.44
2637,3,4,3,2.37,3.22
2638,2,3,5,3.82,4.73
2639,3,3,2,4.11,2.65
2640,2,3,2,4.3,4.13
2641,3,3,1,1.84,2.22
2642,3,3,2,3.16,3.32
2643,2,3,3,4.6,4.71
2644,3,3,5,2.57,3.5
2645,3,3,1,2.72,3.84
2646,3,4,4,4.94,4.5
2647,3,3,4,1.45,4.7
2648,3,3,5,3.82,1.83
2649,3,3,4,4.4,1.78
2650,4,3,1,1.6,3.2
2651,3,3,3,3.86,4.98
2652,3,3,5,2.88,2.96
2653,2,3,5,4.41,2.32
2654,2,4,4,4.63,3.15
2655,3,4,5,4.49,1.26
2656,2,4,4,1.26,1.71
2657,3,4,1,4.03,1.6
2658,4,3,5,4.69,1.11
2659,3,3,1,3.49,3.89
2660,3,3,2,3.4,2.3
2661,3,3,2,1.18,1.67
2662,3,3,4,4.42,3.05
2663,3,3,1,1.19,2.29
2664,2,4,4,2.25,2.57
2665,2,3,5,4.7,2.26
2666,2,3,4,4.8,1.02
2667,4,3,2,4.97,3.75
2668,3,3,5,2.91,1.44
2669,2,4,2,1.71,1.88
2670,3,3,4,2.95,1.76
2671,3,3,3,1.41,2.33
2672,2,3,1,4.49,1.64
2673,3,3,1,3.24,2.39
2674,3,3,1,2.62,1.97
2675,4,3,5,1.32,1.24
2676,3,3,5,2.62,4.48
2677,3,4,3,4.46,2.22
2678,3,3,5,3.81,1.38
2679,3,3,1,1.33,3.09
2680,3,4,5,1.64,1.49
2681,2,3,2,2.57,4.09
2682,3,3,1,1.41,1.25
2683,3,3,4,4.74,2.86
2684,3,4,2,3.61,4.78
2685,3,3,2,1.38,1.64
2686,3,3,4,4.15,1.81
2687,2,3,2,2.47,3.4
2688,2,3,4,1.98,4.92
2689,3,3,1,3.28,2.54
2690,3,3,1,1.05,3.59
2691,3,3,2,2.86,1.61
2692,3,4,4,4.38,3.57
2693,3,3,2,4.71,2.01
2694,2,3,1,2.37,3.45
2695,3,3,4,3.57,1.35
2696,2,3,3,1.91,3.1
2697,3,3,3,3.24,1.95
2698,4,3,2,2.02,3.73
2699,3,3,1,3.29,3.99
2700,4,3,1,1.69,4.39
2701,3,3,4,4.76,4.97
2702,3,3,1,4.55,2.84
2703,2,3,2,2.35,3.68
2704,3,3,5,4.11,1.07
2705,3,3,2,1.38,4.62
2706,3,3,4,3.96,3.46
2707,1,3,2,2.13,2.69
2708,3,3,5,1.54,2.74
2709,3,3,5,3.71,4.03
2710,2,4,3,2.88,4.33
2711,3,3,4,3.12,4.23
2712,1,3,3,3.08,3.04
2713,3,3,5,1.24,2.48
2714,3,4,2,1.21,4.78
2715,3,3,5,3.4,3.54
2716,3,3,4,3.5,3.17
2717,2,3,4,1.19,3.39
2718,2,3,2,2.51,3.52
2719,2,3,5,3.45,3.85
2720,3,3,4,3.63,3.21
2721,2,3,5,4.31,4.5
2722,2,3,5,2.68,4.44
2723,3,3,1,3.19,2.77
2724,2,3,5,3.31,1.67
2725,3,3,5,2.25,3.31
2726,3,4,2,1.22,3.48
2727,1,3,5,1.02,3.09
2728,3,3,3,4.34,4.56
2729,2,3,2,1.8,1.37
2730,2,3,2,3.52,2.15
2731,3,3,2,3.31,4.46
2732,3,3,1,2.6,4.76
2733,1,3,4,4.33,2.7
2734,3,4,4,3.79,1.77
2735,3,3,4,1.09,2.68
2736,3,3,3,4.11,2.82
2737,3,4,2,3.03,3.08
2738,3,3,4,2.39,2.1
2739,3,4,5,3.91,2.25
2740,2,3,1,3.74,3.62
2741,3,3,2,2.24,3.49
2742,3,3,5,4.93,3.65
2743,3,3,5,3.59,2.51
2744,3,3,5,3.42,2.35
2745,3,3,1,1.28,2.41
2746,3,3,3,2.12,4.8
2747,3,3,1,2.79,2.58
2748,3,3,5,3.52,3.42
2749,3,3,3,3.05,3.09
2750,3,3,2,4.05,4.5
2751,3,3,1,2.05,2.48
2752,4,3,4,3.81,2.74
2753,2,3,5,4.27,4.37
2754,3,3,5,4.06,1.64
2755,1,4,5,4.08,3.38
2756,2,3,5,4.55,2.6
2757,3,3,4,1.34,4.94
2758,3,3,5,3.79,3.89
2759,4,3,5,4.87,1.04
2760,1,3,3,3.29,4.36
2761,3,3,4,1.87,3.81
2762,3,3,5,5.0,3.24
2763,3,3,1,1.7,1.94
2764,3,3,4,2.34,1.6
2765,3,3,2,1.69,3.51
2766,4,3,1,2.86,2.76
2767,3,3,1,2.68,4.45
2768,3,3,1,2.96,2.05
2769,3,4,5,4.71,3.55
2770,2,3,4,2.91,2.0
2771,4,4,1,3.06,3.55
2772,3,4,4,4.55,1.19
2773,2,3,4,4.27,2.57
2774,3,3,3,1.96,1.69
2775,3,3,4,1.05,3.42
2776,3,3,5,3.52,2.27
2777,2,3,3,4.38,4.09
2778,2,4,4,3.21,1.46
2779,3,4,3,1.84,3.22
2780,2,3,2,3.97,3.37
2781,4,3,5,3.68,1.09
2782,2,3,3,3.26,1.14
2783,3,3,4,4.45,2.23
2784,2,3,4,4.14,3.44
2785,3,4,4,3.67,4.85
2786,2,4,4,3.66,1.36
2787,3,4,4,3.65,3.81
2788,3,3,3,3.1,3.77
2789,2,3,4,2.86,3.68
2790,2,3,3,3.84,3.06
2791,3,4,2,3.44,4.87
2792,3,3,4,2.96,3.01
2793,3,3,5,1.51,4.35
2794,3,3,4,3.81,2.05
2795,3,3,4,3.58,4.23
2796,3,3,5,2.37,4.99
2797,3,3,2,2.43,4.64
2798,3,3,1,1.99,2.22
2799,3,4,2,4.85,4.38
2800,3,3,4,4.44,1.38
2801,3,3,5,3.24,3.71
2802,3,3,3,2.61,2.37
2803,3,4,4,3.95,3.63
2804,3,4,1,3.11,2.65
2805,1,3,4,4.9,1.04
2806,3,3,4,1.22,1.93
2807,3,4,3,1.14,1.17
2808,2,3,4,3.27,2.71
2809,2,3,3,1.81,4.36
2810,3,4,3,3.42,3.95
2811,3,3,4,4.13,4.16
2812,2,3,4,1.55,4.23
2813,4,3,2,2.76,2.49
2814,4,3,2,3.75,3.02
2815,2,4,3,4.34,3.03
2816,1,3,2,2.99,1.45
2817,4,3,2,1.82,3.39
2818,4,4,2,3.34,3.88
2819,4,3,2,2.82,3.44
2820,4,3,3,4.09,3.98
2821,2,3,3,3.22,1.48
2822,3,3,4,2.12,4.05
2823,2,3,2,4.02,1.83
2824,3,4,5,3.07,4.51
2825,3,3,3,1.71,1.98
2826,4,3,4,3.25,2.97
2827,3,4,1,4.79,2.95
2828,3,3,1,3.82,2.08
2829,3,3,3,2.2,2.45
2830,2,3,2,3.84,1.74
2831,4,3,3,2.13,3.28
2832,2,3,1,3.17,4.65
2833,3,3,3,3.11,2.27
2834,3,3,4,1.99,3.03
2835,2,3,4,2.39,4.45
2836,3,3,2,4.77,2.81
2837,1,3,2,2.0,4.33
2838,4,3,3,4.2,2.79
2839,3,3,3,3.67,2.76
2840,1,3,4,3.13,1.63
2841,3,3,2,1.55,1.5
2842,3,3,4,1.82,3.45
2843,3,4,5,1.72,4.31
2844,4,3,2,3.35,1.54
2845,2,3,5,4.89,4.64
2846,3,3,2,4.51,2.44
2847,3,3,2,1.1,2.7
2848,4,3,4,2.09,4.58
2849,3,3,4,1.63,4.59
2850,2,3,3,4.9,3.1
2851,2,3,2,1.94,2.11
2852,3,3,1,1.81,1.69
2853,3,3,5,3.48,2.09
2854,3,4,5,3.22,4.12
2855,3,4,5,1.9,2.3
2856,3,3,3,3.68,3.78
2857,3,3,5,1.39,1.78
2858,2,3,3,1.08,2.91
2859,3,3,1,1.33,2.41
2860,3,4,1,2.46,3.01
2861,1,3,2,4.9,3.28
2862,4,3,2,3.19,4.96
2863,4,3,5,4.02,4.6
2864,3,3,2,2.29,3.78
2865,3,4,4,3.88,1.61
2866,2,3,2,4.86,4.68
2867,3,3,4,2.43,4.57
2868,1,3,3,5.0,4.55
2869,3,4,1,3.55,2.92
2870,2,3,3,3.99,1.68
2871,4,3,1,2.01,4.02
2872,3,3,5,3.57,2.55
2873,3,3,4,3.04,2.38
2874,3,3,5,4.83,2.56
2875,4,3,5,4.62,3.24
2876,2,4,2,2.59,2.33
2877,3,3,4,4.79,3.76
2878,1,3,1,4.54,3.59
2879,4,3,5,3.36,3.04
2880,3,3,4,1.33,1.22
2881,3,3,4,1.64,4.75
2882,4,3,5,1.31,2.65
2883,2,3,5,1.43,2.8
2884,3,3,5,4.91,2.82
2885,3,4,1,1.85,2.46
2886,2,3,1,3.76,3.7
2887,3,3,5,3.55,1.06
2888,3,3,2,3.52,4.49
2889,3,3,3,1.83,1.41
2890,3,3,1,3.32,5.0
2891,4,4,4,3.5,3.51
2892,3,3,5,3.28,1.26
2893,4,3,5,1.74,3.25
2894,2,3,3,3.89,2.33
2895,3,3,4,1.29,4.81
2896,3,3,3,3.36,4.02
2897,2,3,3,2.75,3.03
2898,2,3,3,2.0,2.72
2899,2,3,5,4.23,4.98
2900,2,3,2,1.7,3.67
2901,3,3,3,4.73,3.06
2902,2,3,4,4.54,2.59
2903,2,4,3,2.44,2.3
2904,3,4,1,2.22,3.82
2905,3,3,2,1.55,3.35
2906,3,3,4,4.67,4.39
2907,2,3,4,3.51,3.21
2908,3,3,4,1.13,3.33
2909,3,3,5,3.04,2.91
2910,3,3,4,1.34,4.05
2911,2,3,3,3.3,2.66
2912,3,4,2,3.04,4.41
2913,3,3,2,1.33,2.31
2914,3,3,5,4.26,3.77
2915,4,3,3,2.05,4.57
2916,4,4,4,3.17,4.08
2917,2,4,1,3.56,2.37
2918,3,4,1,4.85,3.83
2919,3,3,2,2.98,1.83
2920,2,3,1,4.67,1.23
2921,2,3,4,2.42,4.17
2922,3,3,4,4.43,4.23
2923,4,3,3,1.94,1.09
2924,2,3,2,3.83,4.79
2925,2,3,3,1.35,2.78
2926,2,3,1,4.94,4.62
2927,2,3,3,4.82,4.15
2928,4,3,1,2.77,4.6
2929,3,3,1,3.1,4.33
2930,2,3,1,3.39,4.9
2931,3,3,1,2.1,3.52
2932,2,3,3,3.7,1.91
2933,3,3,3,3.79,2.56
2934,3,3,4,3.1,4.01
2935,2,3,3,1.59,1.63
2936,3,3,1,4.68,4.72
2937,2,3,1,1.46,1.82
2938,3,4,4,3.52,4.5
2939,2,3,5,1.41,2.93
2940,4,3,2,1.58,4.36
2941,3,3,2,1.08,4.83
2942,2,4,2,2.45,2.69
2943,3,3,2,3.56,3.79
2944,2,3,2,3.09,1.91
2945,3,3,3,3.7,4.2
2946,3,3,4,3.7,4.28
2947,3,4,4,1.56,2.18
2948,3,4,5,1.23,1.1
2949,3,4,2,3.5,2.72
2950,3,3,3,3.61,1.68
2951,2,3,2,3.23,4.27
2952,3,3,1,1.98,2.04
2953,3,3,2,4.24,4.77
2954,2,3,2,1.3,4.89
2955,3,3,3,3.53,4.64
2956,3,3,1,1.48,3.4
2957,2,3,4,3.62,2.07
2958,3,3,5,2.67,4.23
2959,2,3,5,3.87,3.81
2960,3,3,1,1.21,4.91
2961,3,3,1,3.22,2.51
2962,2,4,5,1.58,1.24
2963,3,3,5,3.73,4.99
2964,1,3,3,1.48,4.35
2965,3,3,2,1.29,1.89
2966,3,3,3,3.85,3.9
2967,3,4,3,1.25,1.0
2968,3,3,5,1.9,3.23
2969,2,3,3,4.3,2.45
2970,2,3,1,4.24,2.53
2971,2,3,4,4.42,1.98
2972,2,3,4,2.3,2.1
2973,3,3,2,3.11,2.82
2974,3,3,1,4.09,1.99
2975,3,3,1,1.55,2.87
2976,3,3,5,3.9,3.31
2977,3,3,3,1.39,3.84
2978,3,3,3,4.65,3.71
2979,2,3,5,3.55,1.97
2980,2,3,1,2.97,1.16
2981,2,3,2,2.94,4.33
2982,2,3,5,1.73,4.49
2983,3,3,3,2.38,4.92
2984,3,3,1,3.91,4.84
2985,2,4,4,3.16,3.54
2986,3,3,1,3.12,4.58
2987,3,4,4,1.78,2.79
2988,3,4,4,3.76,4.15
2989,3,4,5,2.57,4.82
2990,2,3,3,1.73,4.19
2991,2,3,2,4.78,2.66
2992,2,3,5,3.03,2.51
2993,3,4,3,3.11,2.17
2994,3,3,4,4.93,2.47
2995,3,3,1,2.47,4.28
2996,3,3,4,4.77,3.81
2997,3,4,3,3.78,2.0
2998,3,3,2,3.53,3.85
2999,3,4,4,1.94,2.52
3000,3,3,1,1.21,3.23
3001,3,4,4,2.75,2.48
3002,4,3,5,1.04,3.09
3003,4,3,3,1.28,3.92
3004,4,3,1,3.38,3.92
3005,3,3,3,3.9,4.01
3006,2,3,3,1.67,2.56
3007,3,3,3,3.93,3.76
3008,2,3,2,4.8,1.95
3009,3,3,4,3.97,2.91
3010,3,3,2,4.14,3.33
3011,3,3,3,3.8,3.75
3012,4,4,3,1.9,4.65
3013,3,3,4,2.44,2.22
3014,3,3,4,4.8,4.38
3015,3,3,5,3.64,2.24
3016,3,4,4,4.16,3.21
3017,3,3,4,4.87,4.31
3018,3,3,5,1.93,3.89
3019,3,3,2,2.29,4.45
3020,3,4,2,3.58,4.26
3021,2,3,3,1.1,2.11
3022,2,3,3,3.28,4.97
3023,3,3,4,4.23,4.75
3024,3,3,1,3.44,2.72
3025,3,3,1,2.18,1.19
3026,3,3,4,3.9,2.21
3027,4,3,5,1.58,4.34
3028,2,4,2,4.58,4.8
3029,3,3,2,1.4,4.33
3030,4,3,3,4.45,2.59
3031,1,4,3,2.99,1.23
3032,2,4,1,2.71,3.07
3033,2,3,3,3.0,2.51
3034,3,3,5,1.8,1.49
3035,2,3,4,2.83,1.42
3036,3,3,5,4.4,1.61
3037,3,4,4,4.2,1.82
3038,3,3,5,1.65,4.02
3039,3,3,2,3.69,2.53
3040,2,3,1,4.43,2.75
3041,1,4,1,4.28,3.39
3042,3,3,5,2.7,4.84
3043,1,3,4,1.19,4.03
3044,3,3,2,4.72,3.58
3045,1,3,5,2.58,3.98
3046,1,4,2,2.44,3.88
3047,4,3,3,4.04,3.76
3048,3,3,2,2.06,2.99
3049,4,3,1,4.34,3.27
3050,3,3,2,1.3,2.85
3051,2,4,2,3.96,2.58
3052,3,4,3,4.86,2.08
3053,3,3,1,4.98,2.42
3054,4,3,2,4.7,2.71
3055,3,3,3,4.48,3.32
3056,3,3,2,2.12,3.0
3057,2,3,4,4.87,1.43
3058,3,3,4,4.71,2.36
3059,3,4,5,3.14,2.5
3060,3,3,5,2.61,3.83
3061,3,4,2,1.44,2.33
3062,3,3,4,3.36,1.03
3063,3,3,4,3.8,1.34
3064,3,3,3,2.62,2.99
3065,3,3,4,2.62,1.75
3066,2,3,1,3.29,2.98
3067,3,3,2,1.11,3.3
3068,2,3,5,4.83,4.73
3069,3,3,5,2.16,3.62
3070,2,3,1,1.56,1.12
3071,2,3,3,1.02,2.52
3072,2,3,2,4.43,4.17
3073,3,3,1,4.45,2.04
3074,2,3,1,1.38,4.7
3075,2,4,3,1.61,3.12
3076,3,4,4,2.79,1.37
3077,2,3,3,1.74,1.97
3078,2,3,2,3.94,4.63
3079,3,3,4,1.23,4.97
3080,4,3,4,3.2,4.45
3081,2,4,5,2.53,2.28
3082,3,3,2,2.86,4.08
3083,1,4,2,2.7,1.89
3084,3,3,3,1.61,2.54
3085,3,3,3,1.88,3.79
3086,2,3,3,1.26,4.88
3087,2,3,5,1.46,2.76
3088,3,3,1,4.91,2.98
3089,2,4,3,2.12,1.88
3090,3,3,3,2.23,2.61
3091,3,3,2,1.51,1.25
3092,2,3,4,4.02,4.43
3093,3,4,5,4.7,1.09
3094,3,3,3,4.16,3.73
3095,2,3,1,3.45,2.09
3096,3,3,1,4.25,2.9
3097,2,3,3,2.62,2.13
3098,3,4,4,4.44,2.6
3099,3,3,2,4.19,3.19
3100,2,3,2,1.01,3.56
3101,4,4,5,2.95,4.76
3102,2,3,1,2.06,2.33
3103,3,3,1,1.34,3.34
3104,2,3,1,4.38,4.61
3105,3,3,5,1.03,2.16
3106,3,3,3,3.92,4.46
3107,3,3,1,4.95,4.83
3108,3,3,2,2.93,4.39
3109,3,4,5,2.48,3.28
3110,3,4,4,3.42,3.89
3111,2,3,2,4.22,2.92
3112,2,4,2,1.96,3.39
3113,3,3,1,2.0,4.9
3114,3,3,4,3.43,2.0
3115,4,3,1,4.76,4.17
3116,2,3,2,2.19,3.02
3117,3,3,2,2.51,1.71
3118,2,4,4,4.97,3.57
3119,3,4,4,1.7,4.17
3120,3,3,4,1.31,3.28
3121,1,4,2,3.36,4.35
3122,2,3,2,1.1,2.46
3123,4,4,2,1.72,4.66
3124,2,3,1,3.49,3.59
3125,3,3,4,3.64,4.21
3126,3,3,3,3.04,2.09
3127,3,3,3,2.53,2.78
3128,3,3,5,3.3,4.64
3129,2,3,1,3.57,1.2
3130,2,3,5,4.21,2.62
3131,3,3,4,4.17,4.12
3132,3,3,2,3.66,3.98
3133,2,3,4,4.58,4.41
3134,3,3,4,4.35,3.96
3135,3,4,2,1.53,4.79
3136,3,3,2,4.83,2.99
3137,2,3,5,4.57,3.5
3138,3,3,1,2.28,4.39
3139,3,3,1,1.08,3.81
3140,4,3,4,3.42,1.41
3141,2,3,5,2.75,2.47
3142,2,3,3,4.0,3.21
3143,2,3,1,3.1,4.02
3144,2,3,3,1.31,3.17
3145,2,3,2,1.98,4.11
3146,1,4,5,4.53,4.35
3147,3,3,4,1.15,2.06
3148,3,3,2,3.95,3.46
3149,3,3,4,2.17,3.23
3150,3,3,4,2.81,1.91
3151,3,3,4,3.12,2.96
3152,2,4,2,2.0,3.19
3153,2,3,3,3.61,4.27
3154,3,3,1,3.77,2.84
3155,3,3,3,1.34,1.32
3156,1,3,2,2.5,2.95
3157,2,3,3,3.98,4.35
3158,3,3,5,3.89,3.29
3159,1,3,5,3.18,2.28
3160,3,3,3,4.11,4.68
3161,2,3,4,1.43,1.62
3162,3,4,1,1.47,2.31
3163,3,3,3,3.63,2.75
3164,3,3,4,3.77,3.95
3165,2,3,4,4.26,4.34
3166,3,3,5,1.72,1.23
3167,3,3,3,3.07,4.17
3168,3,3,5,3.64,3.88
3169,3,3,5,1.89,4.58
3170,1,3,3,3.07,4.6
3171,3,3,1,3.55,4.11
3172,3,3,2,1.86,1.76
3173,4,3,4,2.5,2.26
3174,3,3,3,1.87,4.75
3175,4,3,5,4.61,3.39
3176,4,4,5,1.95,3.16
3177,2,4,1,1.48,4.66
3178,3,3,5,1.14,4.5
3179,1,3,2,1.18,3.91
3180,3,3,5,1.77,4.53
3181,2,3,3,3.43,1.46
3182,3,3,3,1.07,4.03
3183,3,3,1,2.15,4.86
3184,3,3,1,1.23,1.2
3185,2,3,3,2.61,1.89
3186,3,3,3,1.19,4.18
3187,3,3,3,3.43,3.08
3188,4,3,1,3.75,1.35
3189,2,3,3,3.93,2.07
3190,3,3,1,1.9,2.3
3191,3,3,1,4.47,2.28
3192,3,4,3,3.76,4.51
3193,2,3,4,1.23,3.65
3194,2,3,4,2.76,3.94
3195,1,3,5,4.07,1.05
3196,2,3,5,2.24,2.71
3197,3,3,2,2.53,2.27
3198,4,3,4,3.52,4.41
3199,3,3,1,1.22,4.82
3200,3,3,5,4.87,2.69
3201,2,4,2,1.7,4.89
3202,2,3,4,1.11,1.06
3203,4,3,5,1.02,2.3
3204,3,3,4,2.6,4.1
3205,4,3,5,4.54,2.44
3206,4,3,1,4.28,4.68
3207,3,4,1,4.65,1.87
3208,1,3,4,3.14,4.18
3209,3,3,3,2.79,1.81
3210,1,3,1,2.54,1.79
3211,2,3,4,1.19,2.78
3212,2,3,1,4.64,4.78
3213,2,4,5,2.98,3.34
3214,3,3,1,2.82,3.54
3215,3,3,3,3.06,1.04
3216,3,3,5,4.18,1.23
3217,3,3,3,1.9,1.27
3218,3,4,4,3.84,4.28
3219,4,4,4,3.84,1.95
3220,2,3,5,4.4,2.32
3221,3,3,3,1.03,3.44
3222,4,4,5,1.68,3.34
3223,2,3,3,2.88,2.64
3224,3,3,5,4.4,1.02
3225,3,3,4,4.86,2.8
3226,2,3,1,3.38,3.96
3227,2,4,4,1.85,1.94
3228,3,3,5,1.74,3.83
3229,3,3,1,3.56,1.06
3230,3,4,5,1.84,4.63
3231,3,3,1,3.21,4.8
3232,4,3,5,4.34,1.01
3233,3,3,4,2.56,2.83
3234,2,3,1,2.51,2.66
3235,3,3,4,1.14,4.37
3236,3,3,1,2.02,3.16
3237,3,3,3,3.79,3.45
3238,2,3,5,2.44,1.81
3239,3,3,2,1.63,1.31
3240,3,3,1,1.42,3.77
3241,1,3,3,1.38,3.48
3242,3,3,2,3.64,4.33
3243,2,3,1,3.45,4.38
3244,3,3,3,3.07,3.52
3245,3,3,2,3.0,3.15
3246,3,3,1,1.61,4.66
3247,3,3,2,3.0,4.21
3248,1,3,1,1.24,4.53
3249,3,3,5,4.7,4.98
3250,3,3,5,1.23,2.61
3251,3,3,2,2.69,3.87
3252,1,3,5,1.0,3.75
3253,3,3,3,4.14,1.7
3254,3,3,5,1.66,3.55
3255,3,3,1,4.7,2.71
3256,3,3,2,1.18,2.8
3257,3,3,4,4.28,1.72
3258,3,3,2,3.63,3.98
3259,3,3,5,2.0,3.79
3260,3,3,3,1.81,3.13
3261,3,3,3,2.43,1.63
3262,3,3,3,4.31,3.23
3263,2,3,4,4.45,1.4
3264,3,3,1,1.7,2.36
3265,4,3,4,2.41,2.49
3266,3,4,4,1.95,4.53
3267,4,3,5,1.49,2.66
3268,2,3,5,3.59,3.39
3269,3,3,4,2.38,4.5
3270,2,3,3,1.9,2.7
3271,1,3,3,4.46,4.53
3272,4,3,2,3.99,1.55
3273,3,3,5,4.1,2.46
3274,2,3,2,1.16,1.38
3275,4,3,3,4.66,3.24
3276,3,4,1,3.3,4.83
3277,2,3,2,3.02,3.63
3278,3,3,2,1.04,3.5
3279,4,3,3,4.59,2.11
3280,3,3,3,3.18,4.72
3281,2,3,4,4.3,2.89
3282,3,3,3,3.62,2.07
3283,2,3,1,4.19,4.95
3284,3,3,3,3.77,2.69
3285,3,3,1,4.68,2.49
3286,3,3,5,1.9,1.14
3287,3,3,4,1.81,1.71
3288,3,3,2,3.85,4.24
3289,3,3,2,3.01,2.93
3290,4,3,1,3.4,4.82
3291,4,3,2,3.83,1.34
3292,2,3,1,3.19,3.46
3293,2,4,5,4.15,3.88
3294,3,3,1,2.28,3.48
3295,2,3,4,4.44,3.12
3296,3,3,3,1.43,3.31
3297,3,4,2,3.54,3.76
3298,3,3,5,4.56,4.45
3299,3,3,1,2.01,2.35
3300,3,3,5,2.31,2.84
3301,4,3,4,2.22,3.54
3302,2,3,4,3.26,2.26
3303,2,4,5,2.65,1.72
3304,3,3,3,1.43,4.86
3305,3,4,2,4.57,1.78
3306,3,3,1,1.82,1.93
3307,4,3,5,3.14,3.47
3308,3,3,3,3.38,1.31
3309,1,3,5,1.16,1.14
3310,3,3,2,1.38,1.26
3311,3,3,5,4.89,1.49
3312,3,3,5,3.66,2.72
3313,2,3,2,1.13,4.32
3314,3,3,3,4.18,2.37
3315,2,3,4,3.03,2.71
3316,2,4,2,1.3,3.4
3317,3,3,1,3.72,2.21
3318,2,3,2,3.0,2.73
3319,4,3,3,1.82,2.55
3320,3,3,1,4.51,2.37
3321,3,3,2,2.17,2.55
3322,3,3,5,2.14,1.04
3323,3,4,1,2.09,4.55
3324,2,3,1,4.07,4.91
3325,4,3,3,3.82,4.45
3326,3,4,1,4.61,1.02
3327,3,3,1,1.92,4.0
3328,3,3,1,4.15,3.29
3329,2,3,1,3.29,1.38
3330,4,3,5,2.23,4.73
3331,1,3,1,1.14,4.1
3332,4,4,3,4.28,1.58
3333,3,3,4,1.96,4.86
3334,3,3,4,3.53,1.5
3335,3,3,4,3.2,2.82
3336,3,4,2,1.02,1.64
3337,2,3,5,4.98,1.6
3338,3,3,1,4.26,4.87
3339,2,3,1,2.95,3.29
3340,4,3,5,3.72,2.04
3341,3,3,1,2.91,4.11
3342,3,3,1,3.98,4.5
3343,3,3,1,1.54,4.67
3344,3,3,1,2.79,4.73
3345,1,3,1,2.34,4.62
3346,3,3,3,2.84,3.56
3347,3,3,4,2.8,2.37
3348,3,4,1,1.57,4.7
3349,3,3,5,4.91,1.49
3350,4,3,1,1.06,1.68
3351,3,4,4,1.04,2.74
3352,3,3,5,2.49,2.13
3353,3,3,3,3.48,3.46
3354,3,3,3,1.72,4.62
3355,2,3,1,3.13,2.96
3356,3,3,2,3.89,3.22
3357,3,4,5,1.38,2.69
3358,3,3,2,4.94,3.83
3359,3,4,1,2.35,1.4
3360,2,3,4,3.57,1.19
3361,3,3,4,1.44,3.57
3362,3,3,1,3.84,3.14
3363,2,3,1,4.36,2.63
3364,3,3,1,1.42,2.34
3365,2,3,1,1.5,1.21
3366,2,3,4,2.12,3.72
3367,3,3,1,1.05,2.69
3368,2,3,4,4.94,2.78
3369,3,3,1,3.39,4.57
3370,1,3,5,3.43,3.95
3371,3,3,4,4.84,1.88
3372,3,3,2,4.33,3.63
3373,3,3,3,4.26,1.53
3374,2,3,1,2.36,1.78
3375,3,4,1,2.34,3.86
3376,3,3,3,2.17,1.5
3377,3,3,1,2.39,2.12
3378,2,3,4,2.48,4.59
3379,3,3,2,1.56,3.95
3380,3,3,1,2.42,4.72
3381,2,3,3,2.79,4.53
3382,3,3,3,2.24,2.25
3383,1,3,4,1.66,3.53
3384,3,3,1,2.49,2.51
3385,2,3,3,2.92,3.79
3386,3,4,5,3.88,2.39
3387,1,3,2,3.84,1.01
3388,2,3,5,1.81,1.38
3389,3,3,4,1.15,4.08
3390,3,3,3,2.22,1.34
3391,3,3,5,1.63,3.4
3392,3,4,5,2.58,4.43
3393,3,3,2,4.92,3.96
3394,2,3,5,1.72,2.65
3395,3,3,1,2.28,1.83
3396,3,3,1,3.9,4.69
3397,2,4,1,3.04,3.27
3398,2,3,2,1.18,2.62
3399,3,3,5,1.65,4.77
3400,3,3,4,4.74,1.86
3401,4,3,4,1.41,2.77
3402,3,3,1,3.54,1.43
3403,2,3,3,4.17,1.5
3404,3,3,2,2.06,2.59
3405,2,3,3,3.9,3.8
3406,3,3,2,1.68,2.36
3407,3,3,2,2.14,3.76
3408,2,3,5,2.25,4.22
3409,3,3,3,4.99,4.51
3410,3,3,3,1.86,1.18
3411,3,3,1,1.52,4.09
3412,3,3,4,4.7,1.59
3413,2,3,3,1.65,3.79
3414,3,3,2,4.52,2.49
3415,3,3,4,3.6,3.83
3416,3,4,1,3.31,1.86
3417,3,4,3,4.01,3.58
3418,3,3,5,3.9,1.5
3419,3,3,3,1.44,1.68
3420,3,3,1,5.0,3.46
3421,4,3,2,4.77,2.35
3422,3,3,1,4.59,3.82
3423,3,3,3,3.49,3.74
3424,4,3,2,3.09,3.49
3425,4,4,1,3.15,3.92
3426,2,3,4,1.06,4.18
3427,4,3,1,3.0,4.65
3428,2,3,2,3.5,1.32
3429,3,3,5,3.63,3.29
3430,4,3,1,2.33,4.0
3431,2,3,2,2.89,1.87
3432,4,3,2,3.55,2.05
3433,3,3,3,2.71,2.07
3434,2,3,2,4.85,3.29
3435,3,3,5,3.82,2.46
3436,4,3,1,1.01,3.66
3437,3,3,5,1.09,3.44
3438,2,3,3,3.76,3.63
3439,1,4,1,2.65,2.01
3440,2,3,1,4.36,4.07
3441,3,3,1,1.69,3.66
3442,3,4,2,1.06,1.52
3443,4,4,2,2.55,1.8
3444,3,3,4,3.94,2.2
3445,3,3,2,4.89,4.74
3446,2,3,4,4.53,2.31
3447,4,3,2,2.94,1.08
3448,1,3,2,4.25,1.57
3449,3,3,2,1.28,1.13
3450,3,4,2,3.29,2.61
3451,3,3,5,4.7,4.19
3452,2,3,2,2.59,2.8
3453,2,3,2,4.84,4.36
3454,3,3,5,1.88,1.19
3455,3,3,4,1.42,2.88
3456,3,3,1,3.1,4.15
3457,2,3,5,4.63,3.7
3458,2,4,1,2.25,4.41
3459,2,4,1,4.2,2.1
3460,3,3,3,1.68,3.0
3461,3,3,4,3.98,3.71
3462,3,4,1,3.23,1.67
3463,2,3,4,1.7,4.26
3464,1,3,1,3.87,2.25
3465,3,3,4,3.86,1.37
3466,4,3,1,3.06,4.06
3467,3,3,3,1.9,3.82
3468,3,3,4,1.53,4.53
3469,2,3,2,4.83,4.57
3470,3,3,4,3.62,2.11
3471,4,3,4,4.24,3.57
3472,3,3,4,3.79,5.0
3473,3,3,2,4.32,1.98
3474,2,4,4,1.65,2.89
3475,3,3,4,2.99,4.64
3476,3,3,2,3.67,1.41
3477,3,3,4,1.41,4.71
3478,2,4,5,1.6,2.95
3479,2,3,5,3.54,4.57
3480,4,3,4,4.47,3.49
3481,3,3,4,3.64,3.69
3482,2,3,5,1.14,4.09
3483,3,3,2,4.88,1.27
3484,3,3,4,1.56,3.51
3485,2,3,1,1.93,4.7
3486,3,4,2,4.9,4.82
3487,3,3,5,4.08,4.87
3488,3,3,2,4.75,3.58
3489,3,3,5,4.23,3.53
3490,2,3,3,3.61,3.21
3491,4,3,2,2.14,3.43
3492,3,3,1,2.31,3.45
3493,3,3,3,4.79,1.17
3494,3,4,3,4.44,1.36
3495,3,3,3,2.44,3.48
3496,3,3,1,2.49,2.26
3497,3,3,2,2.19,2.21
3498,2,3,1,2.3,1.77
3499,3,3,2,4.44,4.2
3500,4,3,5,1.04,4.86
3501,3,3,1,2.74,3.51
3502,3,3,4,4.77,4.78
3503,3,3,1,3.17,4.54
3504,2,4,3,2.8,1.87
3505,2,3,5,2.25,1.61
3506,1,3,2,1.3,1.85
3507,4,3,1,1.9,1.38
3508,1,4,3,1.36,3.33
3509,2,3,2,1.51,2.13
3510,3,3,5,1.65,4.65
3511,4,3,5,2.21,3.45
3512,2,3,4,1.04,2.44
3513,3,3,4,4.8,4.94
3514,4,3,4,1.5,4.81
3515,3,3,4,2.53,4.11
3516,3,3,3,4.52,4.17
3517,3,3,5,1.43,4.91
3518,2,3,2,2.93,3.4
3519,1,3,1,4.38,4.52
3520,1,3,4,3.23,1.26
3521,1,3,4,1.84,3.22
3522,2,4,5,3.94,3.01
3523,3,4,2,3.73,1.15
3524,3,3,3,2.45,1.35
3525,1,3,3,1.19,1.09
3526,3,4,2,1.03,2.18
3527,3,3,4,4.3,1.21
3528,3,4,3,2.29,2.69
3529,3,3,4,1.55,4.25
3530,3,3,3,3.07,3.46
3531,3,3,2,4.68,3.7
3532,3,3,5,1.03,1.13
3533,2,3,3,1.22,4.36
3534,1,3,4,2.67,1.58
3535,3,4,3,3.7,2.21
3536,3,3,2,2.9,3.07
3537,3,3,5,4.59,4.72
3538,1,3,2,1.18,4.99
3539,3,3,5,2.36,4.13
3540,1,3,3,2.41,3.92
3541,2,3,1,2.36,3.11
3542,3,3,1,2.95,3.66
3543,2,4,5,4.16,1.58
3544,3,3,3,2.27,2.08
3545,3,3,2,3.98,4.94
3546,1,3,5,1.59,4.92
3547,4,3,4,3.24,2.29
3548,2,3,4,2.5,1.96
3549,4,3,4,3.16,1.92
3550,3,4,1,1.43,2.94
3551,3,3,1,4.81,1.9
3552,3,4,4,4.62,3.59
3553,2,4,1,4.31,1.3
3554,3,3,4,4.57,1.41
3555,2,3,1,1.59,2.11
3556,4,3,2,3.01,4.11
3557,3,3,4,2.27,2.29
3558,1,3,4,4.55,2.88
3559,2,3,4,1.76,3.63
3560,3,4,4,1.88,4.15
3561,2,3,1,3.75,2.23
3562,3,3,5,1.36,3.92
3563,3,3,2,3.93,2.14
3564,3,3,1,2.07,3.58
3565,2,3,5,3.64,2.8
3566,3,3,1,4.49,4.71
3567,1,3,3,3.44,4.93
3568,3,4,3,1.85,4.1
3569,2,3,4,1.2,4.66
3570,3,3,1,1.18,1.55
3571,2,4,1,1.36,3.62
3572,3,4,3,3.32,1.79
3573,2,3,3,2.39,2.11
3574,3,4,4,1.97,3.09
3575,3,3,4,1.88,3.97
3576,3,4,1,4.79,3.89
3577,3,3,5,1.48,4.48
3578,3,3,3,2.22,3.24
3579,4,3,5,2.89,4.71
3580,3,3,5,1.0,4.55
3581,3,3,1,4.68,4.4
3582,2,3,3,1.4,1.92
3583,3,3,3,3.73,3.13
3584,4,3,3,3.52,3.94
3585,3,3,2,4.24,4.9
3586,3,3,3,3.61,1.05
3587,3,3,3,4.08,2.31
3588,3,3,1,2.68,2.37
3589,3,3,2,2.95,2.15
3590,3,3,1,3.81,4.27
3591,4,3,5,3.27,1.18
3592,3,4,4,3.05,2.44
3593,3,3,2,1.82,3.85
3594,3,3,2,2.03,2.63
3595,3,3,1,2.43,1.58
3596,3,3,2,1.04,3.44
3597,4,4,5,2.67,3.09
3598,3,3,1,1.01,4.93
3599,1,3,1,3.26,3.99
3600,2,3,5,3.82,4.94
3601,3,3,3,3.25,1.75
3602,3,4,1,3.77,4.05
3603,3,3,3,1.0,3.21
3604,3,3,4,1.24,3.85
3605,1,3,2,3.79,2.87
3606,3,3,2,4.21,1.85
3607,3,3,4,3.87,1.18
3608,3,3,3,3.65,4.35
3609,4,3,5,3.83,4.26
3610,2,4,2,3.96,1.65
3611,3,3,2,3.9,3.58
3612,3,3,1,3.95,3.95
3613,3,3,4,1.3,3.23
3614,3,3,3,1.25,2.27
3615,3,3,2,2.44,4.52
3616,3,3,4,3.11,3.57
3617,3,4,2,4.05,3.88
3618,3,3,1,2.34,3.61
3619,3,3,3,2.1,3.89
3620,3,3,3,4.13,1.58
3621,1,3,3,2.0,4.69
3622,3,3,3,4.28,2.14
3623,2,4,5,1.71,4.35
3624,4,3,2,2.44,4.57
3625,2,3,2,2.6,3.6
3626,2,3,3,2.2,3.39
3627,2,3,1,1.01,1.44
3628,2,4,1,1.94,2.74
3629,2,3,3,2.35,3.45
3630,3,3,3,2.25,1.33
3631,2,3,4,4.14,1.45
3632,3,3,1,1.19,4.97
3633,2,3,5,2.56,2.33
3634,3,3,3,1.15,2.4
3635,3,3,1,4.72,2.01
3636,3,3,2,4.16,3.58
3637,2,3,2,4.93,2.89
3638,3,3,3,4.64,4.16
3639,3,3,3,2.26,3.05
3640,3,3,3,3.77,1.06
3641,3,4,3,2.23,2.93
3642,2,3,5,4.55,1.22
3643,2,3,5,2.64,4.31
3644,2,3,3,2.5,1.45
3645,3,3,5,4.66,1.87
3646,2,3,5,4.35,2.84
3647,4,3,5,4.87,1.78
3648,3,3,2,1.27,3.16
3649,4,3,3,1.97,2.84
3650,1,4,2,2.2,4.81
3651,3,3,1,2.7,1.35
3652,2,4,1,2.89,3.31
3653,3,3,4,2.17,3.88
3654,3,3,3,4.16,1.51
3655,3,4,5,1.89,3.55
3656,2,3,4,3.79,4.46
3657,4,3,1,4.41,4.15
3658,4,3,5,3.41,4.74
3659,3,3,3,2.42,3.88
3660,3,3,3,1.75,2.58
3661,2,3,5,1.54,4.68
3662,4,3,4,3.98,1.9
3663,1,3,1,2.88,3.33
3664,3,3,1,1.19,4.06
3665,2,3,3,4.94,4.49
3666,3,4,1,3.69,4.67
3667,3,3,1,4.38,1.34
3668,2,3,4,2.75,3.9
3669,3,3,1,4.82,1.82
3670,2,3,1,1.8,4.12
3671,3,3,3,1.74,3.8
3672,4,3,1,4.56,1.73
3673,3,3,2,4.57,4.33
3674,3,3,5,3.0,2.85
3675,3,3,4,1.5,3.18
3676,2,3,5,2.22,4.89
3677,3,3,2,4.02,3.63
3678,3,3,4,4.38,3.35
3679,3,3,2,2.39,1.07
3680,4,3,2,1.24,1.8
3681,3,4,1,3.66,1.11
3682,3,3,5,3.96,2.33
3683,3,3,1,2.7,2.38
3684,3,3,2,3.33,3.12
3685,3,3,3,4.95,3.76
3686,1,3,3,1.98,1.72
3687,2,4,2,3.29,3.41
3688,2,3,2,3.44,4.67
3689,3,3,2,3.2,1.74
3690,3,3,5,4.48,3.64
3691,2,3,3,3.42,1.18
3692,3,3,5,3.03,3.12
3693,3,3,5,1.49,3.97
3694,3,3,4,3.81,1.14
3695,3,3,5,1.53,2.33
3696,3,3,1,1.11,4.51
3697,3,3,5,2.95,1.9
3698,4,3,3,3.29,3.89
3699,1,3,4,5.0,3.45
3700,3,3,2,3.85,1.65
3701,2,3,1,4.39,3.97
3702,3,3,5,2.39,3.13
3703,3,3,3,3.04,1.45
3704,2,3,1,4.9,4.8
3705,3,4,4,2.67,2.97
3706,3,3,1,4.23,3.98
3707,3,3,3,3.1,1.87
3708,3,3,4,1.9,1.55
3709,3,3,4,3.32,3.97
3710,3,3,3,1.87,3.7
3711,3,3,2,1.01,2.1
3712,2,3,5,1.94,3.99
3713,3,3,1,1.77,3.02
3714,3,3,1,2.48,2.39
3715,2,3,1,4.55,4.15
3716,3,3,5,2.55,3.47
3717,3,3,3,4.38,3.03
3718,3,3,1,3.22,4.09
3719,3,4,1,1.03,3.18
3720,3,3,1,1.75,4.75
3721,3,3,5,4.73,4.27
3722,3,3,3,3.42,2.43
3723,2,3,1,4.72,2.86
3724,3,3,2,2.24,4.83
3725,2,3,4,3.87,4.58
3726,3,4,3,4.09,1.76
3727,1,3,5,4.9,2.1
3728,3,3,1,1.07,2.46
3729,4,3,1,4.81,4.52
3730,3,3,1,2.57,4.71
3731,3,3,2,4.35,4.21
3732,3,4,4,3.18,2.1
3733,3,4,4,3.26,4.55
3734,3,3,2,2.44,1.13
3735,3,3,4,4.31,2.69
3736,2,3,4,2.06,2.51
3737,3,3,1,2.97,3.14
3738,3,4,4,3.24,3.24
3739,3,4,3,3.97,1.9
3740,3,3,1,2.89,1.82
3741,3,3,2,3.72,4.21
3742,2,3,4,2.94,1.3
3743,2,3,4,3.64,2.97
3744,1,3,2,3.7,1.77
3745,2,4,4,3.84,2.28
3746,3,3,2,4.29,2.11
3747,3,3,3,3.16,3.83
3748,3,3,1,1.77,2.82
3749,3,4,5,3.72,2.2
3750,2,3,5,1.31,4.33
3751,3,3,1,1.88,1.34
3752,2,3,3,4.17,4.07
3753,3,3,4,2.74,1.99
3754,3,3,3,2.99,4.67
3755,1,3,2,4.95,1.02
3756,2,3,5,1.94,3.23
3757,2,3,2,1.08,3.49
3758,2,4,2,1.45,3.31
3759,2,3,2,1.98,4.26
3760,3,3,5,3.9,1.45
3761,2,3,3,4.1,2.66
3762,4,3,4,3.26,4.45
3763,2,3,5,2.02,4.55
3764,4,3,5,3.09,2.99
3765,2,3,5,1.06,3.23
3766,4,3,5,3.73,4.06
3767,3,3,5,3.46,4.12
3768,2,3,5,1.09,4.55
3769,2,3,4,4.27,4.38
3770,3,3,1,4.05,2.66
3771,3,3,1,2.23,3.6
3772,3,3,4,3.54,2.93
3773,4,3,2,3.41,1.47
3774,3,3,5,1.57,4.29
3775,2,4,5,1.77,3.41
3776,3,3,4,3.73,1.23
3777,4,3,4,4.73,3.71
3778,2,3,2,3.31,2.13
3779,3,3,3,3.27,1.28
3780,3,3,5,3.59,3.43
3781,2,3,5,2.76,3.93
3782,4,4,2,1.22,3.07
3783,4,3,5,2.59,1.02
3784,4,4,3,4.6,3.31
3785,2,3,5,4.22,1.03
3786,3,3,3,4.71,4.71
3787,4,3,4,1.61,2.07
3788,2,4,1,3.02,4.48
3789,3,3,2,3.34,1.05
3790,3,3,4,1.84,1.39
3791,3,3,5,1.8,2.81
3792,3,3,1,4.13,4.03
3793,1,3,1,3.69,4.77
3794,3,4,4,3.59,3.08
3795,2,3,3,2.07,2.42
3796,3,3,5,3.03,1.18
3797,3,3,1,1.09,3.33
3798,3,3,2,1.52,2.52
3799,2,3,1,3.07,4.64
3800,3,3,4,2.24,2.92
3801,3,3,5,4.86,4.06
3802,4,4,1,2.89,4.39
3803,2,3,2,1.33,1.39
3804,3,3,5,1.07,2.76
3805,2,3,1,3.9,4.57
3806,4,3,5,1.69,2.7
3807,3,3,5,1.75,3.26
3808,3,4,1,2.7,4.49
3809,1,3,1,2.06,1.93
3810,3,3,4,3.47,4.58
3811,3,3,1,2.94,2.59
3812,3,3,3,1.45,3.37
3813,3,3,1,4.14,2.31
3814,3,3,3,2.7,3.11
3815,3,3,2,3.44,1.2
3816,4,4,4,1.02,1.26
3817,2,3,5,3.51,2.66
3818,3,3,3,2.13,2.34
3819,3,3,4,2.98,3.46
3820,2,3,4,2.19,1.15
3821,2,4,5,4.99,1.67
3822,3,3,2,1.92,1.84
3823,3,4,2,4.65,2.76
3824,3,3,2,4.67,1.99
3825,3,3,4,2.68,1.55
3826,2,3,5,2.22,3.39
3827,3,4,2,2.52,3.98
3828,3,3,1,4.96,3.74
3829,2,3,4,3.48,2.1
3830,3,3,3,3.18,4.42
3831,3,3,2,1.14,3.45
3832,3,3,1,4.39,3.46
3833,2,4,5,1.34,1.85
3834,3,3,5,1.19,1.97
3835,3,3,4,2.1,2.9
3836,2,3,3,2.9,1.95
3837,2,3,2,4.58,3.75
3838,3,3,3,4.16,2.23
3839,3,3,1,1.79,1.61
3840,3,3,2,2.49,1.61
3841,4,3,3,4.12,1.51
3842,3,3,3,3.11,2.76
3843,2,3,1,1.7,1.01
3844,3,3,5,2.58,3.17
3845,3,3,2,3.5,2.19
3846,3,3,3,4.89,3.21
3847,2,3,3,3.65,4.74
3848,2,3,3,1.06,4.48
3849,3,3,5,3.82,3.31
3850,1,3,4,2.0,2.67
3851,3,4,5,4.45,3.79
3852,1,3,2,2.54,4.69
3853,3,4,2,1.8,2.96
3854,3,3,3,2.87,1.4
3855,2,3,3,2.02,4.06
3856,2,4,2,1.94,1.04
3857,2,3,3,3.29,4.06
3858,3,3,1,4.07,1.34
3859,2,4,3,4.34,1.43
3860,2,3,4,2.59,4.13
3861,3,3,3,1.27,3.76
3862,3,3,5,2.94,3.25
3863,3,3,5,2.74,4.28
3864,3,3,5,1.79,4.41
3865,3,3,1,4.58,2.83
3866,3,3,5,4.9,4.99
3867,3,3,2,1.21,2.43
3868,3,3,3,4.18,1.69
3869,2,3,3,3.58,4.38
3870,3,3,2,2.05,2.66
3871,2,3,5,3.54,4.5
3872,2,3,4,1.51,1.24
3873,3,3,5,1.28,1.44
3874,2,3,5,4.97,1.16
3875,2,3,3,3.55,3.41
3876,3,3,4,2.01,4.33
3877,2,4,3,2.8,2.61
3878,1,3,3,4.8,1.36
3879,4,3,4,2.75,2.49
3880,3,3,4,4.6,2.39
3881,2,3,5,4.48,3.57
3882,3,3,4,2.38,3.61
3883,2,3,4,3.78,1.41
3884,3,3,5,3.64,2.68
3885,3,3,1,4.08,3.57
3886,3,3,4,2.46,2.04
3887,1,3,2,1.21,2.63
3888,3,3,3,1.68,3.45
3889,3,4,4,3.47,2.61
3890,3,3,2,4.1,1.12
3891,1,3,5,4.02,1.89
3892,2,3,3,3.33,4.1
3893,3,3,2,1.34,1.99
3894,3,3,2,1.07,4.27
3895,3,3,3,4.13,2.87
3896,3,3,5,3.2,2.89
3897,4,3,1,4.13,4.08
3898,3,3,3,1.65,2.53
3899,1,3,5,2.63,1.95
3900,3,3,3,4.68,1.42
3901,3,3,3,1.69,3.69
3902,3,3,2,1.25,2.88
3903,1,3,1,3.61,4.24
3904,2,3,4,3.38,2.83
3905,2,3,5,4.81,2.66
3906,3,3,3,4.63,2.2
3907,3,3,3,4.0,1.8
3908,3,4,1,1.08,4.32
3909,3,3,5,2.92,1.38
3910,3,3,5,4.58,4.61
3911,1,3,5,2.73,1.11
3912,3,3,2,4.85,3.09
3913,2,3,4,3.61,1.23
3914,2,3,3,1.44,4.12
3915,3,4,2,3.04,1.85
3916,3,3,2,3.78,3.26
3917,3,3,2,1.26,4.67
3918,3,4,3,2.38,3.6
3919,3,4,1,3.87,1.71
3920,3,3,4,1.63,4.19
3921,3,3,3,2.39,2.77
3922,3,3,5,3.76,1.05
3923,2,3,2,4.1,2.95
3924,2,3,1,3.07,4.25
3925,2,3,2,4.83,2.72
3926,3,3,5,4.7,4.03
3927,3,3,2,2.89,3.82
3928,3,3,4,1.64,2.83
3929,3,3,5,4.09,2.29
3930,4,3,2,1.97,3.91
3931,2,3,4,4.37,2.48
3932,3,3,2,3.35,1.68
3933,3,4,2,2.58,2.28
3934,3,3,2,3.23,4.51
3935,2,3,4,3.13,2.13
3936,3,3,5,4.7,1.94
3937,3,3,2,1.86,1.53
3938,1,3,2,4.71,1.22
3939,3,3,5,1.13,4.91
3940,3,3,3,4.08,3.15
3941,3,3,3,4.68,3.92
3942,3,3,4,2.58,4.09
3943,3,3,1,1.29,2.41
3944,2,3,5,4.22,4.2
3945,3,3,2,4.37,4.85
3946,3,3,4,2.35,3.97
3947,3,4,3,3.07,3.85
3948,3,3,4,4.24,2.73
3949,3,3,4,1.77,4.37
3950,2,4,1,3.52,1.36
3951,4,3,1,2.72,4.0
3952,3,3,5,1.7,2.45
3953,3,3,3,4.33,3.26
3954,4,3,2,2.3,4.57
3955,2,3,1,4.74,3.42
3956,3,3,1,3.28,1.1
3957,2,3,5,3.06,3.89
3958,3,3,5,2.69,4.72
3959,2,3,2,2.6,3.57
3960,4,3,2,4.27,4.45
3961,2,3,3,3.71,4.3
3962,4,3,1,4.09,4.45
3963,3,3,3,2.68,2.38
3964,3,4,4,2.05,2.9
3965,3,3,5,1.35,4.39
3966,3,3,2,4.11,4.64
3967,2,3,1,2.66,1.59
3968,3,3,1,3.04,1.73
3969,3,3,2,2.88,2.39
3970,3,3,4,2.72,4.08
3971,3,3,1,3.74,4.5
3972,3,3,4,3.43,3.32
3973,4,4,3,4.89,1.45
3974,3,3,4,1.56,2.21
3975,2,3,3,3.29,4.43
3976,3,3,1,1.25,2.39
3977,1,3,1,4.23,1.41
3978,2,3,3,3.47,2.21
3979,3,3,3,2.71,4.23
3980,2,3,5,4.21,2.97
3981,3,3,5,2.82,1.69
3982,3,3,1,1.91,2.25
3983,2,3,2,2.89,4.81
3984,3,3,2,1.28,2.73
3985,2,3,1,4.59,2.77
3986,3,3,1,3.92,1.61
3987,3,3,1,4.04,2.22
3988,2,3,3,4.5,4.26
3989,3,3,1,4.17,4.14
3990,3,3,1,2.73,2.74
3991,1,3,1,1.47,4.57
3992,2,3,4,2.49,2.52
3993,3,3,4,4.74,4.46
3994,3,4,5,4.8,1.13
3995,3,3,1,4.07,2.39
3996,2,3,2,1.82,4.42
3997,2,3,3,1.78,4.61
3998,3,3,4,4.52,4.03
3999,3,4,1,1.57,3.68
4000,3,3,2,3.34,4.26
4001,3,3,3,2.51,3.83
4002,3,3,1,2.21,2.02
4003,3,3,2,3.71,2.86
4004,2,3,4,4.84,3.64
4005,3,4,3,4.11,3.35
4006,2,3,3,2.94,4.54
4007,3,3,3,2.76,2.9
4008,3,3,5,4.63,1.71
4009,3,3,3,3.31,1.86
4010,3,3,3,2.99,4.38
4011,4,3,5,3.73,1.03
4012,3,4,1,1.95,4.48
4013,2,3,1,1.25,1.22
4014,2,3,3,4.42,2.57
4015,2,3,2,3.43,4.2
4016,4,4,2,1.66,2.63
4017,3,4,1,2.19,4.29
4018,3,3,5,4.96,1.4
4019,3,3,4,3.54,3.05
4020,4,3,4,3.54,3.33
4021,3,3,1,1.29,4.56
4022,3,3,2,4.88,1.37
4023,2,3,4,4.57,2.35
4024,3,3,3,3.19,3.64
4025,3,3,4,2.24,4.92
4026,2,3,4,3.79,4.39
4027,4,3,3,4.33,4.39
4028,2,4,4,4.14,3.07
4029,2,3,2,4.91,3.26
4030,1,3,1,3.55,4.43
4031,3,3,5,2.28,4.48
4032,2,3,1,2.99,4.21
4033,2,4,2,4.27,4.27
4034,4,3,1,2.06,4.52
4035,3,3,2,1.93,1.46
4036,3,3,2,3.9,2.17
4037,3,4,1,2.78,4.9
4038,3,3,3,4.27,3.18
4039,3,3,5,1.57,1.71
4040,3,3,1,2.34,3.01
4041,2,4,5,2.07,3.58
4042,3,3,3,3.79,4.31
4043,4,4,3,4.04,4.25
4044,4,3,3,2.82,1.2
4045,3,3,2,2.91,2.81
4046,3,3,1,1.53,1.08
4047,3,3,3,3.81,4.55
4048,3,3,5,4.97,1.7
4049,3,3,3,4.11,3.5
4050,3,3,3,1.89,3.28
4051,3,3,4,3.49,3.5
4052,3,3,2,2.18,3.25
4053,3,3,1,1.12,3.86
4054,3,3,3,1.72,3.5
4055,3,3,5,1.41,1.36
4056,3,3,2,1.78,2.47
4057,3,4,5,4.18,3.19
4058,3,3,5,2.17,2.3
4059,3,4,2,4.03,4.04
4060,2,3,3,4.8,2.27
4061,3,3,4,3.3,4.31
4062,3,3,3,2.94,1.59
4063,3,3,4,4.0,4.08
4064,3,3,5,1.39,1.73
4065,4,3,4,2.71,3.11
4066,1,3,5,3.0,2.28
4067,3,3,5,4.32,3.55
4068,2,3,5,4.26,1.85
4069,4,3,5,4.39,4.18
4070,4,4,2,3.79,3.29
4071,4,3,1,3.12,4.83
4072,3,3,1,4.31,3.85
4073,2,3,2,4.49,3.43
4074,2,3,4,2.92,4.32
4075,1,3,3,4.94,1.88
4076,3,3,3,4.5,3.53
4077,2,3,1,3.04,2.56
4078,3,3,4,1.28,3.98
4079,3,3,2,1.9,1.1
4080,3,3,4,4.11,2.71
4081,3,3,1,1.44,3.61
4082,3,3,2,2.88,2.84
4083,2,3,1,3.42,1.95
4084,2,3,2,4.51,2.86
4085,3,3,5,4.39,4.4
4086,2,3,3,4.06,1.83
4087,3,3,3,2.63,2.47
4088,3,3,2,1.57,4.96
4089,4,3,2,3.68,4.65
4090,1,3,4,1.73,1.14
4091,3,3,5,3.25,3.12
4092,2,4,4,4.92,1.26
4093,2,3,4,3.2,4.7
4094,3,3,3,3.58,2.77
4095,2,3,1,3.71,2.67
4096,3,3,4,4.32,2.09
4097,2,3,5,2.74,3.28
4098,3,3,3,2.99,1.58
4099,3,3,1,1.7,4.2
4100,3,3,4,3.46,2.96
4101,3,3,5,2.18,3.27
4102,1,3,2,3.03,4.36
4103,1,3,1,4.07,1.74
4104,2,3,4,1.07,1.7
4105,2,3,2,3.26,2.68
4106,3,3,4,1.69,4.14
4107,3,4,4,2.12,1.23
4108,2,3,2,1.14,4.18
4109,3,3,1,1.68,3.0
4110,2,3,3,4.95,3.25
4111,3,3,3,4.99,3.26
4112,3,3,5,3.88,1.22
4113,2,3,2,3.45,2.0
4114,3,3,2,4.11,4.02
4115,3,3,5,4.59,2.65
4116,3,4,4,3.08,3.24
4117,3,3,4,1.14,4.78
4118,3,3,5,3.84,1.19
4119,3,3,4,4.94,2.8
4120,4,3,5,2.03,2.45
4121,3,3,4,2.85,1.43
4122,3,3,3,2.45,4.8
4123,2,3,1,2.56,4.85
4124,2,4,4,3.89,2.25
4125,3,4,4,2.51,4.79
4126,2,4,5,4.76,1.14
4127,3,4,4,4.16,4.92
4128,4,3,3,1.11,4.34
4129,3,3,3,4.27,1.86
4130,3,3,1,4.09,3.4
4131,3,3,1,3.07,4.19
4132,3,3,1,2.99,2.28
4133,3,3,5,4.34,2.42
4134,2,4,4,2.7,3.52
4135,2,3,2,1.64,1.59
4136,2,3,3,2.25,1.47
4137,4,3,3,2.06,2.0
4138,3,3,2,3.72,3.97
4139,2,4,3,1.72,2.47
4140,3,3,2,3.58,3.03
4141,3,3,4,2.86,1.78
4142,2,3,4,4.36,1.78
4143,3,3,1,2.94,3.6
4144,3,3,3,4.72,1.43
4145,4,3,5,4.6,3.67
4146,3,3,5,1.74,2.6
4147,3,4,4,3.74,3.69
4148,3,3,4,1.86,2.53
4149,3,3,1,4.29,4.38
4150,3,4,5,3.54,1.22
4151,2,3,4,2.18,4.57
4152,3,3,5,2.0,2.07
4153,3,3,5,2.72,1.17
4154,3,4,2,4.2,3.25
4155,3,3,1,4.18,1.9
4156,3,3,4,1.13,2.84
4157,2,3,3,2.21,4.21
4158,2,3,1,2.69,4.17
4159,3,3,2,3.34,3.4
4160,3,3,5,1.6,4.91
4161,3,3,2,2.34,2.86
4162,3,4,2,4.54,1.16
4163,3,3,4,2.91,4.28
4164,2,3,4,3.98,1.89
4165,3,3,2,2.94,1.7
4166,2,3,5,2.86,1.28
4167,3,3,3,3.49,2.31
4168,4,3,1,2.04,2.3
4169,3,3,2,2.0,2.21
4170,4,3,5,4.96,3.37
4171,3,3,1,4.48,4.01
4172,3,3,1,3.95,4.75
4173,2,3,4,1.55,1.38
4174,3,3,3,1.12,1.6
4175,3,3,2,1.7,3.36
4176,3,3,3,4.75,1.39
4177,1,3,1,4.27,2.48
4178,3,3,2,3.09,3.5
4179,3,3,2,4.88,4.12
4180,2,4,3,1.59,1.87
4181,3,3,4,3.24,3.67
4182,1,3,5,1.73,3.58
4183,3,3,1,2.23,4.44
4184,3,4,2,4.76,2.25
4185,3,3,2,4.47,4.0
4186,3,3,3,1.41,4.01
4187,2,3,3,2.0,1.96
4188,2,3,5,3.38,3.48
4189,2,3,5,1.25,3.7
4190,3,3,4,3.2,2.1
4191,2,3,1,3.34,2.81
4192,2,3,1,2.16,2.74
4193,3,3,5,2.17,4.09
4194,2,3,5,1.92,1.0
4195,3,3,2,4.74,3.0
4196,3,4,1,2.56,1.74
4197,1,3,4,3.34,3.59
4198,3,3,3,2.21,3.72
4199,2,3,5,3.81,3.0
4200,2,3,3,1.41,3.17
4201,3,3,4,1.29,2.26
4202,3,3,4,3.98,2.25
4203,1,3,1,3.91,3.98
4204,3,4,1,2.06,1.53
4205,3,3,4,2.42,4.09
4206,3,3,1,4.83,3.62
4207,3,4,2,1.42,4.54
4208,3,3,4,1.73,2.04
4209,3,4,2,2.72,3.02
4210,2,3,1,2.13,1.16
4211,3,3,1,3.6,4.65
4212,3,3,3,3.76,3.7
4213,3,3,4,3.11,3.49
4214,3,3,4,3.44,3.93
4215,3,3,5,2.73,2.14
4216,3,3,4,4.04,3.42
4217,3,3,4,1.17,4.2
4218,3,3,2,2.25,1.36
4219,3,3,2,3.74,4.84
4220,3,3,2,2.32,4.57
4221,3,3,1,1.31,4.85
4222,4,3,5,2.38,4.23
4223,2,3,2,3.85,2.18
4224,3,3,3,1.49,3.33
4225,1,4,2,3.9,1.48
4226,2,3,1,4.1,4.02
4227,3,3,5,3.54,1.61
4228,3,3,2,1.98,4.47
4229,4,3,1,4.22,1.96
4230,1,3,2,1.86,1.64
4231,3,3,1,4.62,1.28
4232,3,3,5,3.83,3.85
4233,3,3,1,1.22,1.74
4234,3,3,2,4.2,1.79
4235,3,3,2,3.03,1.68
4236,4,3,1,2.81,2.22
4237,3,3,1,2.68,4.76
4238,3,3,3,3.43,2.95
4239,3,4,2,3.9,2.04
4240,2,3,1,4.58,1.68
4241,4,4,2,2.09,1.08
4242,3,4,2,3.52,2.46
4243,2,3,3,3.75,1.44
4244,3,3,5,3.7,1.11
4245,3,3,2,2.97,1.41
4246,3,3,4,2.56,2.27
4247,2,3,4,4.05,4.0
4248,2,4,1,2.2,1.27
4249,3,4,3,1.83,3.71
4250,2,3,3,3.18,3.48
4251,4,3,3,2.07,4.53
4252,2,3,1,1.13,1.74
4253,3,3,3,1.21,4.18
4254,2,3,1,3.78,4.46
4255,3,4,5,4.89,4.91
4256,2,4,3,2.82,4.23
4257,3,4,1,1.59,1.5
4258,3,3,3,4.27,4.79
4259,2,3,5,2.05,4.26
4260,2,3,4,4.98,1.85
4261,3,4,2,3.25,1.66
4262,3,3,5,1.93,4.75
4263,3,3,1,2.98,1.62
4264,3,3,2,2.34,4.11
4265,3,3,1,4.12,2.62
4266,3,3,5,1.42,3.9
4267,3,3,4,4.43,1.37
4268,3,3,3,4.07,3.9
4269,3,4,4,4.45,3.05
4270,3,3,2,4.58,4.6
4271,3,3,1,1.92,1.75
4272,3,3,5,3.08,1.44
4273,3,4,5,4.4,1.78
4274,3,4,1,2.51,1.31
4275,1,3,1,1.24,4.92
4276,3,3,3,2.17,1.49
4277,3,4,1,1.97,1.8
4278,2,3,4,4.48,4.24
4279,2,3,5,2.86,1.99
4280,3,4,2,3.73,1.89
4281,3,3,2,4.85,3.69
4282,2,3,5,2.2,2.6
4283,4,3,2,4.04,4.34
4284,4,3,2,1.09,3.55
4285,2,4,1,1.42,2.15
4286,1,3,5,1.65,3.39
4287,4,3,5,2.25,4.47
4288,4,4,1,2.61,2.46
4289,4,3,5,2.91,3.95
4290,4,3,1,1.98,2.66
4291,2,3,1,1.26,3.17
4292,3,3,2,3.71,3.93
4293,2,3,3,1.09,1.24
4294,3,4,5,4.24,2.82
4295,3,3,4,4.72,1.38
4296,4,3,1,3.84,3.9
4297,3,4,3,3.38,3.43
4298,3,3,5,3.63,2.31
4299,3,3,4,3.61,1.31
4300,2,3,2,4.73,4.7
4301,4,3,1,4.86,2.26
4302,2,3,3,2.71,2.1
4303,3,3,3,3.47,1.4
4304,3,3,2,4.21,3.31
4305,2,3,1,1.0,2.06
4306,3,3,1,3.11,4.37
4307,1,3,3,3.61,3.73
4308,4,3,5,3.87,1.02
4309,3,3,3,2.48,3.26
4310,1,3,3,2.18,1.93
4311,3,3,5,1.73,1.06
4312,3,3,4,3.23,3.48
4313,3,4,4,4.68,1.82
4314,4,3,3,4.58,4.6
4315,2,3,4,2.44,3.29
4316,3,3,3,2.03,1.84
4317,3,3,4,4.16,4.92
4318,4,3,4,3.9,3.19
4319,3,3,4,3.02,1.66
4320,2,3,5,2.56,3.07
4321,2,3,2,1.5,4.84
4322,3,3,4,4.14,2.7
4323,3,3,1,3.47,2.7
4324,3,4,3,2.51,2.84
4325,3,4,5,4.68,2.12
4326,3,3,4,3.64,1.65
4327,3,3,2,4.72,3.32
4328,2,3,4,2.9,4.58
4329,3,3,2,2.82,3.94
4330,3,4,3,4.75,1.38
4331,1,3,2,4.84,2.6
4332,4,3,4,4.84,1.02
4333,4,3,1,4.28,2.23
4334,3,3,3,2.85,3.68
4335,3,4,5,1.84,2.16
4336,2,3,4,2.53,4.36
4337,3,3,3,4.75,2.91
4338,1,3,5,2.45,3.68
4339,3,4,1,4.03,4.54
4340,2,3,5,4.69,3.73
4341,4,3,2,4.88,4.59
4342,3,3,5,4.79,4.23
4343,3,3,5,3.22,3.27
4344,3,3,4,2.97,2.19
4345,4,3,4,4.95,2.19
4346,2,4,4,1.87,4.5
4347,3,3,2,1.75,1.22
4348,1,3,1,4.85,4.77
4349,4,3,2,3.76,2.31
4350,3,3,3,3.15,3.96
4351,3,3,4,1.53,2.32
4352,4,3,2,3.05,4.81
4353,2,3,3,4.78,1.15
4354,3,3,1,3.41,2.41
4355,3,4,1,2.62,4.47
4356,2,3,5,3.2,2.1
4357,3,3,5,4.54,2.1
4358,3,3,5,4.65,4.6
4359,3,3,2,2.6,4.32
4360,3,3,3,3.43,1.42
4361,4,4,4,2.12,3.32
4362,3,3,2,2.8,1.89
4363,4,3,4,1.88,1.86
4364,2,3,4,3.13,3.46
4365,3,3,3,3.31,1.5
4366,3,3,3,2.35,2.88
4367,2,3,2,2.09,2.02
4368,2,3,5,1.6,4.42
4369,2,3,5,1.56,3.22
4370,2,3,5,3.85,1.86
4371,3,3,4,1.89,4.71
4372,2,3,2,1.47,4.29
4373,2,4,4,5.0,2.06
4374,3,4,2,2.04,4.84
4375,3,3,5,4.58,2.07
4376,3,3,2,3.44,2.17
4377,2,3,3,3.86,2.54
4378,3,3,1,3.24,1.66
4379,3,3,1,1.72,3.75
4380,3,3,2,4.39,3.23
4381,2,3,3,4.31,4.58
4382,3,4,1,2.4,1.96
4383,3,3,5,4.06,1.68
4384,3,3,1,3.17,2.43
4385,4,3,5,4.64,1.58
4386,4,4,2,4.21,4.78
4387,2,4,2,1.16,3.87
4388,3,4,1,4.52,4.18
4389,3,3,5,4.87,3.99
4390,2,3,4,3.97,1.97
4391,2,3,1,1.48,1.56
4392,3,3,1,4.23,2.72
4393,4,3,4,3.59,4.32
4394,2,3,5,2.36,2.32
4395,2,3,1,4.54,1.04
4396,2,3,2,3.26,3.64
4397,2,3,3,4.41,1.8
4398,4,3,1,3.68,3.17
4399,3,3,2,2.15,1.06
4400,2,3,1,4.9,3.04
4401,3,3,3,3.28,2.57
4402,2,3,4,3.07,4.52
4403,3,3,3,2.61,3.89
4404,3,3,2,1.55,1.14
4405,2,3,3,3.74,4.16
4406,3,3,3,2.72,4.16
4407,2,3,1,4.74,3.65
4408,3,4,1,4.86,4.72
4409,2,3,1,4.07,4.21
4410,4,3,5,1.97,1.88
